date_collected,period,timing,lockdown_day,midden,shell,thickness,shell_length,maturity,legal,meat_Iversen
25/04/2020,Pre-lockdown,before,0,15,4,21,231,AD,YES,197
16/04/2020,Pre-lockdown,before,0,16,60,17,230,AD,YES,194.1
16/04/2020,Pre-lockdown,before,0,16,65,13,198,AD,YES,115.8
16/04/2020,Pre-lockdown,before,0,16,97,13,179,AD,YES,82.8
16/04/2020,Pre-lockdown,before,0,16,120,12,203,AD,YES,126.4
16/04/2020,Pre-lockdown,before,0,16,98,11,182,AD,YES,87.9
16/04/2020,Pre-lockdown,before,0,16,118,11,188,AD,YES,97.5
25/04/2020,Pre-lockdown,before,0,15,46,10,169,AD,YES,68.6
16/04/2020,Pre-lockdown,before,0,16,122,9,207,AD,YES,135.1
16/04/2020,Pre-lockdown,before,0,16,94,8,201,AD,YES,122.9
16/04/2020,Pre-lockdown,before,0,16,121,8,190,AD,YES,101.1
25/04/2020,Pre-lockdown,before,0,15,1,7,203,AD,YES,126.4
25/04/2020,Pre-lockdown,before,0,15,50,7,191,AD,YES,102.9
16/04/2020,Pre-lockdown,before,0,16,96,7,195,AD,YES,110.3
16/04/2020,Pre-lockdown,before,0,16,165,7,198,AD,YES,116.2
25/04/2020,Pre-lockdown,before,0,15,52,6,213,AD,YES,149
25/04/2020,Pre-lockdown,before,0,15,2,5,207,AD,YES,135.1
25/04/2020,Pre-lockdown,before,0,15,49,5,206,AD,YES,132.9
16/04/2020,Pre-lockdown,before,0,16,61,5,227,AD,YES,185.2
16/04/2020,Pre-lockdown,before,0,16,62,5,199,AD,YES,119
16/04/2020,Pre-lockdown,before,0,16,75,5,192,AD,YES,104.7
16/04/2020,Pre-lockdown,before,0,16,119,5,183,AD,YES,89.2
16/04/2020,Pre-lockdown,before,0,16,166,5,170,AD,YES,69.9
25/04/2020,Pre-lockdown,before,0,15,5,4,211,AD,YES,144.2
25/04/2020,Pre-lockdown,before,0,15,47,4,214,AD,YES,151.4
25/04/2020,Pre-lockdown,before,0,15,48,4,217,AD,YES,158.8
25/04/2020,Pre-lockdown,before,0,15,53,4,190,AD,YES,101.1
16/04/2020,Pre-lockdown,before,0,16,63,4,185,AD,YES,92.4
25/04/2020,Pre-lockdown,before,0,15,3,3,221,SA,YES,169.1
25/04/2020,Pre-lockdown,before,0,15,44,3,201,SA,YES,122.2
25/04/2020,Pre-lockdown,before,0,15,45,3,184,SA,YES,90.8
25/04/2020,Pre-lockdown,before,0,15,51,3,203,SA,YES,126.4
16/04/2020,Pre-lockdown,before,0,16,56,3,214,SA,YES,151.4
16/04/2020,Pre-lockdown,before,0,16,92,3,182,SA,YES,88.3
16/04/2020,Pre-lockdown,before,0,16,101,3,192,SA,YES,104.5
25/04/2020,Pre-lockdown,before,0,15,41,2,200,SA,YES,120.2
25/04/2020,Pre-lockdown,before,0,15,43,2,178,SA,YES,81.3
16/04/2020,Pre-lockdown,before,0,16,74,2,194,SA,YES,108.3
16/04/2020,Pre-lockdown,before,0,16,93,2,181,SA,YES,86.1
16/04/2020,Pre-lockdown,before,0,16,100,2,205,SA,YES,130.5
25/04/2020,Pre-lockdown,before,0,15,42,1,171,SA,YES,71.3
25/04/2020,Pre-lockdown,before,0,15,6,,232,LJ,NO,200
25/04/2020,Pre-lockdown,before,0,15,7,,188,MJ,NO,97.5
25/04/2020,Pre-lockdown,before,0,15,8,,186,MJ,NO,94.1
25/04/2020,Pre-lockdown,before,0,15,9,,195,MJ,NO,110.3
25/04/2020,Pre-lockdown,before,0,15,10,,199,MJ,NO,118.2
25/04/2020,Pre-lockdown,before,0,15,11,,178,MJ,NO,81.3
25/04/2020,Pre-lockdown,before,0,15,12,,209,LJ,NO,139.6
25/04/2020,Pre-lockdown,before,0,15,13,,208,LJ,NO,137.3
25/04/2020,Pre-lockdown,before,0,15,14,,198,MJ,NO,116.2
25/04/2020,Pre-lockdown,before,0,15,15,,187,MJ,NO,95.8
25/04/2020,Pre-lockdown,before,0,15,16,,184,MJ,NO,90.8
25/04/2020,Pre-lockdown,before,0,15,17,,180,MJ,NO,84.4
25/04/2020,Pre-lockdown,before,0,15,18,,182,MJ,NO,87.5
25/04/2020,Pre-lockdown,before,0,15,19,,166,MJ,NO,64.7
25/04/2020,Pre-lockdown,before,0,15,20,,151,MJ,NO,47.9
25/04/2020,Pre-lockdown,before,0,15,21,,174,MJ,NO,75.5
25/04/2020,Pre-lockdown,before,0,15,22,,175,MJ,NO,76.9
25/04/2020,Pre-lockdown,before,0,15,23,,175,MJ,NO,76.9
25/04/2020,Pre-lockdown,before,0,15,24,,161,MJ,NO,58.6
25/04/2020,Pre-lockdown,before,0,15,25,,153,MJ,NO,49.9
25/04/2020,Pre-lockdown,before,0,15,26,,187,MJ,NO,95.8
25/04/2020,Pre-lockdown,before,0,15,27,,165,MJ,NO,63.5
25/04/2020,Pre-lockdown,before,0,15,28,,190,MJ,NO,101.1
25/04/2020,Pre-lockdown,before,0,15,29,,150,MJ,NO,46.9
25/04/2020,Pre-lockdown,before,0,15,30,,155,MJ,NO,52
25/04/2020,Pre-lockdown,before,0,15,31,,189,MJ,NO,99.3
25/04/2020,Pre-lockdown,before,0,15,32,,185,MJ,NO,92.4
25/04/2020,Pre-lockdown,before,0,15,33,,186,MJ,NO,94.1
25/04/2020,Pre-lockdown,before,0,15,34,,153,MJ,NO,49.9
25/04/2020,Pre-lockdown,before,0,15,35,,167,MJ,NO,66
25/04/2020,Pre-lockdown,before,0,15,36,,184,MJ,NO,90.8
25/04/2020,Pre-lockdown,before,0,15,37,,136,SJ,NO,34.8
25/04/2020,Pre-lockdown,before,0,15,38,,177,MJ,NO,79.8
25/04/2020,Pre-lockdown,before,0,15,39,,140,SJ,NO,38
25/04/2020,Pre-lockdown,before,0,15,40,,162,MJ,NO,59.8
16/04/2020,Pre-lockdown,before,0,16,54,,130,SJ,NO,30.5
16/04/2020,Pre-lockdown,before,0,16,55,,191,MJ,NO,102.6
16/04/2020,Pre-lockdown,before,0,16,57,,172,MJ,NO,72.6
16/04/2020,Pre-lockdown,before,0,16,58,,205,LJ,NO,130.7
16/04/2020,Pre-lockdown,before,0,16,59,,169,MJ,NO,68.4
16/04/2020,Pre-lockdown,before,0,16,64,,112,SJ,NO,20.4
16/04/2020,Pre-lockdown,before,0,16,66,,219,LJ,NO,163.9
16/04/2020,Pre-lockdown,before,0,16,67,,193,MJ,NO,106.9
16/04/2020,Pre-lockdown,before,0,16,68,,191,MJ,NO,102.9
16/04/2020,Pre-lockdown,before,0,16,69,,172,MJ,NO,72.8
16/04/2020,Pre-lockdown,before,0,16,70,,162,MJ,NO,59.3
16/04/2020,Pre-lockdown,before,0,16,71,,162,MJ,NO,60.1
16/04/2020,Pre-lockdown,before,0,16,72,,163,MJ,NO,61
16/04/2020,Pre-lockdown,before,0,16,73,,137,SJ,NO,35.8
16/04/2020,Pre-lockdown,before,0,16,76,,186,MJ,NO,94.1
16/04/2020,Pre-lockdown,before,0,16,77,,192,MJ,NO,104.7
16/04/2020,Pre-lockdown,before,0,16,78,,173,MJ,NO,74
16/04/2020,Pre-lockdown,before,0,16,79,,181,MJ,NO,86
16/04/2020,Pre-lockdown,before,0,16,80,,184,MJ,NO,90.8
16/04/2020,Pre-lockdown,before,0,16,81,,184,MJ,NO,90.8
16/04/2020,Pre-lockdown,before,0,16,82,,187,MJ,NO,95.8
16/04/2020,Pre-lockdown,before,0,16,83,,184,MJ,NO,90.8
16/04/2020,Pre-lockdown,before,0,16,84,,194,MJ,NO,108.1
16/04/2020,Pre-lockdown,before,0,16,85,,190,MJ,NO,100.2
16/04/2020,Pre-lockdown,before,0,16,86,,177,MJ,NO,79.8
16/04/2020,Pre-lockdown,before,0,16,87,,161,MJ,NO,59.1
16/04/2020,Pre-lockdown,before,0,16,88,,185,MJ,NO,91.8
16/04/2020,Pre-lockdown,before,0,16,89,,165,MJ,NO,64
16/04/2020,Pre-lockdown,before,0,16,90,,153,MJ,NO,50.3
16/04/2020,Pre-lockdown,before,0,16,91,,163,MJ,NO,60.5
16/04/2020,Pre-lockdown,before,0,16,95,,178,MJ,NO,81.3
16/04/2020,Pre-lockdown,before,0,16,99,,189,MJ,NO,99.3
16/04/2020,Pre-lockdown,before,0,16,102,,165,MJ,NO,63
16/04/2020,Pre-lockdown,before,0,16,103,,151,MJ,NO,48
16/04/2020,Pre-lockdown,before,0,16,104,,148,SJ,NO,45.2
16/04/2020,Pre-lockdown,before,0,16,105,,165,MJ,NO,63.1
16/04/2020,Pre-lockdown,before,0,16,106,,165,MJ,NO,63.7
16/04/2020,Pre-lockdown,before,0,16,107,,179,MJ,NO,82.7
16/04/2020,Pre-lockdown,before,0,16,108,,181,MJ,NO,86.1
16/04/2020,Pre-lockdown,before,0,16,109,,172,MJ,NO,73
16/04/2020,Pre-lockdown,before,0,16,110,,157,MJ,NO,53.6
16/04/2020,Pre-lockdown,before,0,16,111,,146,SJ,NO,42.7
16/04/2020,Pre-lockdown,before,0,16,112,,132,SJ,NO,31.7
16/04/2020,Pre-lockdown,before,0,16,113,,181,MJ,NO,86.1
16/04/2020,Pre-lockdown,before,0,16,114,,170,MJ,NO,70.5
16/04/2020,Pre-lockdown,before,0,16,115,,156,MJ,NO,52.6
16/04/2020,Pre-lockdown,before,0,16,116,,151,MJ,NO,47.4
16/04/2020,Pre-lockdown,before,0,16,117,,186,MJ,NO,94.1
16/04/2020,Pre-lockdown,before,0,16,123,,200,LJ,NO,120.2
16/04/2020,Pre-lockdown,before,0,16,124,,185,MJ,NO,92.4
16/04/2020,Pre-lockdown,before,0,16,125,,164,MJ,NO,62.2
16/04/2020,Pre-lockdown,before,0,16,126,,178,MJ,NO,81.3
16/04/2020,Pre-lockdown,before,0,16,127,,180,MJ,NO,84.4
16/04/2020,Pre-lockdown,before,0,16,128,,156,MJ,NO,53
16/04/2020,Pre-lockdown,before,0,16,129,,191,MJ,NO,102.9
16/04/2020,Pre-lockdown,before,0,16,130,,156,MJ,NO,53
16/04/2020,Pre-lockdown,before,0,16,131,,157,MJ,NO,54.1
16/04/2020,Pre-lockdown,before,0,16,132,,166,MJ,NO,64.7
16/04/2020,Pre-lockdown,before,0,16,133,,160,MJ,NO,57.5
16/04/2020,Pre-lockdown,before,0,16,134,,150,MJ,NO,46.9
16/04/2020,Pre-lockdown,before,0,16,135,,174,MJ,NO,75.5
16/04/2020,Pre-lockdown,before,0,16,136,,154,MJ,NO,50.9
16/04/2020,Pre-lockdown,before,0,16,137,,180,MJ,NO,83.9
16/04/2020,Pre-lockdown,before,0,16,138,,162,MJ,NO,60.1
16/04/2020,Pre-lockdown,before,0,16,139,,160,MJ,NO,57.5
16/04/2020,Pre-lockdown,before,0,16,140,,153,MJ,NO,50.3
16/04/2020,Pre-lockdown,before,0,16,141,,162,MJ,NO,59.5
16/04/2020,Pre-lockdown,before,0,16,142,,173,MJ,NO,74.1
16/04/2020,Pre-lockdown,before,0,16,143,,169,MJ,NO,69.2
16/04/2020,Pre-lockdown,before,0,16,144,,170,MJ,NO,70
16/04/2020,Pre-lockdown,before,0,16,145,,166,MJ,NO,65
16/04/2020,Pre-lockdown,before,0,16,146,,150,MJ,NO,47
16/04/2020,Pre-lockdown,before,0,16,147,,134,SJ,NO,33.2
16/04/2020,Pre-lockdown,before,0,16,148,,150,SJ,NO,46.4
16/04/2020,Pre-lockdown,before,0,16,149,,144,SJ,NO,41.4
16/04/2020,Pre-lockdown,before,0,16,150,,158,MJ,NO,54.8
16/04/2020,Pre-lockdown,before,0,16,151,,140,SJ,NO,37.7
16/04/2020,Pre-lockdown,before,0,16,152,,152,MJ,NO,48.5
16/04/2020,Pre-lockdown,before,0,16,153,,150,SJ,NO,46.7
16/04/2020,Pre-lockdown,before,0,16,154,,151,MJ,NO,47.4
16/04/2020,Pre-lockdown,before,0,16,155,,154,MJ,NO,51.1
16/04/2020,Pre-lockdown,before,0,16,156,,136,SJ,NO,34.9
16/04/2020,Pre-lockdown,before,0,16,157,,148,SJ,NO,44.6
16/04/2020,Pre-lockdown,before,0,16,158,,150,MJ,NO,47.4
16/04/2020,Pre-lockdown,before,0,16,159,,159,MJ,NO,56.3
16/04/2020,Pre-lockdown,before,0,16,160,,136,SJ,NO,34.8
16/04/2020,Pre-lockdown,before,0,16,161,,158,MJ,NO,55.2
16/04/2020,Pre-lockdown,before,0,16,162,,184,MJ,NO,90.8
16/04/2020,Pre-lockdown,before,0,16,163,,214,LJ,NO,151.4
16/04/2020,Pre-lockdown,before,0,16,164,,165,MJ,NO,63.5
25/04/2020,Pre-lockdown,before,0,18,8,8,181,AD,YES,86
16/04/2020,Pre-lockdown,before,0,2,12,6,173,AD,YES,74
16/04/2020,Pre-lockdown,before,0,2,18,2,195,SA,YES,110.3
25/04/2020,Pre-lockdown,before,0,17,16,2,150,SA,YES,46.9
25/04/2020,Pre-lockdown,before,0,18,2,1,189,SA,YES,99.3
16/04/2020,Pre-lockdown,before,0,2,1,,172,MJ,NO,72.6
16/04/2020,Pre-lockdown,before,0,2,2,,170,MJ,NO,69.9
16/04/2020,Pre-lockdown,before,0,2,3,,169,MJ,NO,68.6
16/04/2020,Pre-lockdown,before,0,2,4,,152,MJ,NO,48.9
16/04/2020,Pre-lockdown,before,0,2,5,,141,SJ,NO,38.8
16/04/2020,Pre-lockdown,before,0,2,6,,163,MJ,NO,61
16/04/2020,Pre-lockdown,before,0,2,7,,142,SJ,NO,39.6
16/04/2020,Pre-lockdown,before,0,2,8,,206,LJ,NO,132.9
16/04/2020,Pre-lockdown,before,0,2,9,,199,MJ,NO,118.2
16/04/2020,Pre-lockdown,before,0,2,10,,159,MJ,NO,56.3
16/04/2020,Pre-lockdown,before,0,2,11,,192,MJ,NO,105.1
16/04/2020,Pre-lockdown,before,0,2,13,,181,MJ,NO,86
16/04/2020,Pre-lockdown,before,0,2,14,,168,MJ,NO,67.3
16/04/2020,Pre-lockdown,before,0,2,15,,170,MJ,NO,69.9
16/04/2020,Pre-lockdown,before,0,2,16,,188,MJ,NO,97.5
16/04/2020,Pre-lockdown,before,0,2,17,,167,MJ,NO,66
16/04/2020,Pre-lockdown,before,0,2,19,,160,MJ,NO,57.5
16/04/2020,Pre-lockdown,before,0,2,20,,176,MJ,NO,78.3
16/04/2020,Pre-lockdown,before,0,2,21,,164,MJ,NO,62.2
16/04/2020,Pre-lockdown,before,0,2,22,,167,MJ,NO,66
16/04/2020,Pre-lockdown,before,0,2,23,,174,MJ,NO,75.5
16/04/2020,Pre-lockdown,before,0,2,24,,171,MJ,NO,71.3
16/04/2020,Pre-lockdown,before,0,2,25,,164,MJ,NO,62.2
16/04/2020,Pre-lockdown,before,0,2,26,,164,MJ,NO,62.2
16/04/2020,Pre-lockdown,before,0,2,27,,155,MJ,NO,52
16/04/2020,Pre-lockdown,before,0,2,28,,150,MJ,NO,46.9
25/04/2020,Pre-lockdown,before,0,17,1,,174,MJ,NO,75.5
25/04/2020,Pre-lockdown,before,0,17,2,,160,MJ,NO,57.5
25/04/2020,Pre-lockdown,before,0,17,3,,167,MJ,NO,66
25/04/2020,Pre-lockdown,before,0,17,4,,173,MJ,NO,74
25/04/2020,Pre-lockdown,before,0,17,5,,171,MJ,NO,71.3
25/04/2020,Pre-lockdown,before,0,17,6,,160,MJ,NO,57.5
25/04/2020,Pre-lockdown,before,0,17,7,,173,MJ,NO,74
25/04/2020,Pre-lockdown,before,0,17,8,,180,MJ,NO,84.4
25/04/2020,Pre-lockdown,before,0,17,9,,170,MJ,NO,69.9
25/04/2020,Pre-lockdown,before,0,17,10,,167,MJ,NO,66
25/04/2020,Pre-lockdown,before,0,17,11,,148,SJ,NO,45
25/04/2020,Pre-lockdown,before,0,17,12,,169,MJ,NO,68.6
25/04/2020,Pre-lockdown,before,0,17,13,,165,MJ,NO,63.5
25/04/2020,Pre-lockdown,before,0,17,14,,153,MJ,NO,49.9
25/04/2020,Pre-lockdown,before,0,17,15,,138,SJ,NO,36.4
25/04/2020,Pre-lockdown,before,0,17,17,,165,MJ,NO,63.5
25/04/2020,Pre-lockdown,before,0,17,18,,160,MJ,NO,57.5
25/04/2020,Pre-lockdown,before,0,17,19,,156,MJ,NO,53
25/04/2020,Pre-lockdown,before,0,17,20,,149,SJ,NO,45.9
25/04/2020,Pre-lockdown,before,0,17,21,,165,MJ,NO,63.5
25/04/2020,Pre-lockdown,before,0,17,22,,121,SJ,NO,25
25/04/2020,Pre-lockdown,before,0,17,23,,172,MJ,NO,72.6
25/04/2020,Pre-lockdown,before,0,17,24,,150,MJ,NO,46.9
25/04/2020,Pre-lockdown,before,0,18,1,,166,MJ,NO,64.7
25/04/2020,Pre-lockdown,before,0,18,3,,172,MJ,NO,72.6
25/04/2020,Pre-lockdown,before,0,18,4,,187,MJ,NO,95.8
25/04/2020,Pre-lockdown,before,0,18,5,,174,MJ,NO,75.5
25/04/2020,Pre-lockdown,before,0,18,6,,172,MJ,NO,72.6
25/04/2020,Pre-lockdown,before,0,18,7,,163,MJ,NO,61
25/04/2020,Pre-lockdown,before,0,18,9,,168,MJ,NO,67.3
25/04/2020,Pre-lockdown,before,0,18,10,,174,MJ,NO,75.5
25/04/2020,Pre-lockdown,before,0,18,11,,182,MJ,NO,87.5
25/04/2020,Pre-lockdown,before,0,18,12,,155,MJ,NO,52
25/04/2020,Pre-lockdown,before,0,18,13,,164,MJ,NO,62.2
25/04/2020,Pre-lockdown,before,0,18,14,,177,MJ,NO,79.8
25/04/2020,Pre-lockdown,before,0,18,15,,195,MJ,NO,110.3
25/04/2020,Pre-lockdown,before,0,18,16,,184,MJ,NO,90.8
25/04/2020,Pre-lockdown,before,0,18,17,,149,SJ,NO,45.9
25/04/2020,Pre-lockdown,before,0,18,18,,180,MJ,NO,84.4
25/04/2020,Pre-lockdown,before,0,18,19,,166,MJ,NO,64.7
25/04/2020,Pre-lockdown,before,0,18,20,,167,MJ,NO,66
25/04/2020,Pre-lockdown,before,0,18,21,,152,MJ,NO,48.9
25/04/2020,Pre-lockdown,before,0,18,22,,177,MJ,NO,79.8
25/04/2020,Pre-lockdown,before,0,18,23,,166,MJ,NO,64.7
25/04/2020,Pre-lockdown,before,0,18,24,,164,MJ,NO,62.2
25/04/2020,Pre-lockdown,before,0,18,24,,165,MJ,NO,63.5
25/04/2020,Pre-lockdown,before,0,18,24,,167,MJ,NO,66
25/04/2020,Pre-lockdown,before,0,18,24,,170,MJ,NO,69.9
25/04/2020,Pre-lockdown,before,0,18,24,,172,MJ,NO,72.6
30/05/2020,Pre-lockdown,before,0,22,18,7,208,AD,YES,137.3
30/05/2020,Pre-lockdown,before,0,22,16,6,164,AD,YES,62.2
30/05/2020,Pre-lockdown,before,0,22,17,6,183,AD,YES,89.2
30/05/2020,Pre-lockdown,before,0,22,32,3,168,SA,YES,67.3
30/05/2020,Pre-lockdown,before,0,22,31,1,180,SA,YES,84.4
14/04/2020,Pre-lockdown,before,0,1a,1,,180,MJ,NO,84.4
14/04/2020,Pre-lockdown,before,0,1a,2,,122,SJ,NO,25.6
14/04/2020,Pre-lockdown,before,0,1a,3,,167,MJ,NO,65.6
14/04/2020,Pre-lockdown,before,0,1a,4,,167,MJ,NO,65.6
14/04/2020,Pre-lockdown,before,0,1a,5,,162,MJ,NO,59.7
14/04/2020,Pre-lockdown,before,0,1a,6,,146,SJ,NO,43.1
14/04/2020,Pre-lockdown,before,0,1a,7,,152,MJ,NO,48.9
14/04/2020,Pre-lockdown,before,0,1a,8,,152,MJ,NO,49.2
14/04/2020,Pre-lockdown,before,0,1a,9,,186,MJ,NO,93.8
14/04/2020,Pre-lockdown,before,0,1a,10,,148,SJ,NO,44.5
14/04/2020,Pre-lockdown,before,0,1a,11,,157,MJ,NO,54.1
14/04/2020,Pre-lockdown,before,0,1a,12,,146,SJ,NO,43.1
14/04/2020,Pre-lockdown,before,0,1a,13,,140,SJ,NO,37.6
14/04/2020,Pre-lockdown,before,0,1a,14,,133,SJ,NO,32.7
14/04/2020,Pre-lockdown,before,0,1a,15,,173,MJ,NO,74.1
14/04/2020,Pre-lockdown,before,0,1a,16,,160,MJ,NO,57.8
14/04/2020,Pre-lockdown,before,0,1a,17,,149,SJ,NO,46
14/04/2020,Pre-lockdown,before,0,1a,18,,135,SJ,NO,34.1
14/04/2020,Pre-lockdown,before,0,1a,19,,154,MJ,NO,50.8
14/04/2020,Pre-lockdown,before,0,1a,20,,163,MJ,NO,61.6
14/04/2020,Pre-lockdown,before,0,1a,21,,165,MJ,NO,63.6
14/04/2020,Pre-lockdown,before,0,1a,22,,141,SJ,NO,38.9
14/04/2020,Pre-lockdown,before,0,1a,23,,135,SJ,NO,33.9
14/04/2020,Pre-lockdown,before,0,1a,24,,175,MJ,NO,76.4
14/04/2020,Pre-lockdown,before,0,1a,25,,136,SJ,NO,35.1
14/04/2020,Pre-lockdown,before,0,1a,26,,140,SJ,NO,37.6
14/04/2020,Pre-lockdown,before,0,1a,27,,149,SJ,NO,46
14/04/2020,Pre-lockdown,before,0,1a,28,,133,SJ,NO,32.7
14/04/2020,Pre-lockdown,before,0,1a,29,,140,SJ,NO,37.6
14/04/2020,Pre-lockdown,before,0,1a,30,,181,MJ,NO,86
14/04/2020,Pre-lockdown,before,0,1a,31,,173,MJ,NO,74
14/04/2020,Pre-lockdown,before,0,1b,1,,187,MJ,NO,95.8
14/04/2020,Pre-lockdown,before,0,1b,2,,176,MJ,NO,78.3
14/04/2020,Pre-lockdown,before,0,1b,3,,128,SJ,NO,29.5
14/04/2020,Pre-lockdown,before,0,1b,4,,159,MJ,NO,56.3
14/04/2020,Pre-lockdown,before,0,1b,5,,168,MJ,NO,67.3
14/04/2020,Pre-lockdown,before,0,1b,6,,171,MJ,NO,71.9
14/04/2020,Pre-lockdown,before,0,1b,7,,175,MJ,NO,76.9
14/04/2020,Pre-lockdown,before,0,1b,10,,178,MJ,NO,81.3
14/04/2020,Pre-lockdown,before,0,1b,11,,156,MJ,NO,53
14/04/2020,Pre-lockdown,before,0,1b,12,,155,MJ,NO,52
14/04/2020,Pre-lockdown,before,0,1b,13,,158,MJ,NO,55.2
14/04/2020,Pre-lockdown,before,0,1b,14,,151,MJ,NO,47.9
14/04/2020,Pre-lockdown,before,0,1b,15,,146,SJ,NO,43.1
14/04/2020,Pre-lockdown,before,0,1b,16,,144,SJ,NO,41.6
14/04/2020,Pre-lockdown,before,0,1b,17,,156,MJ,NO,52.5
14/04/2020,Pre-lockdown,before,0,1b,18,,149,SJ,NO,46
14/04/2020,Pre-lockdown,before,0,1b,19,,140,SJ,NO,37.6
14/04/2020,Pre-lockdown,before,0,1b,20,,141,SJ,NO,38.9
14/04/2020,Pre-lockdown,before,0,1b,21,,148,SJ,NO,44.5
14/04/2020,Pre-lockdown,before,0,1b,22,,135,SJ,NO,33.9
14/04/2020,Pre-lockdown,before,0,1b,23,,128,SJ,NO,29.5
14/04/2020,Pre-lockdown,before,0,1b,24,,149,SJ,NO,46
14/04/2020,Pre-lockdown,before,0,1b,25,,135,SJ,NO,33.9
14/04/2020,Pre-lockdown,before,0,1b,26,,124,SJ,NO,26.5
30/05/2020,Pre-lockdown,before,0,22,1,,190,MJ,NO,101.1
30/05/2020,Pre-lockdown,before,0,22,2,,184,MJ,NO,90.8
30/05/2020,Pre-lockdown,before,0,22,3,,189,MJ,NO,99.3
30/05/2020,Pre-lockdown,before,0,22,4,,168,MJ,NO,67.3
30/05/2020,Pre-lockdown,before,0,22,5,,186,MJ,NO,94.1
30/05/2020,Pre-lockdown,before,0,22,6,,187,MJ,NO,95.8
30/05/2020,Pre-lockdown,before,0,22,7,,174,MJ,NO,75.5
30/05/2020,Pre-lockdown,before,0,22,8,,183,MJ,NO,89.2
30/05/2020,Pre-lockdown,before,0,22,9,,193,MJ,NO,106.5
30/05/2020,Pre-lockdown,before,0,22,10,,172,MJ,NO,72.6
30/05/2020,Pre-lockdown,before,0,22,11,,180,MJ,NO,84.4
30/05/2020,Pre-lockdown,before,0,22,12,,165,MJ,NO,63.5
30/05/2020,Pre-lockdown,before,0,22,13,,198,MJ,NO,116.2
30/05/2020,Pre-lockdown,before,0,22,14,,212,LJ,NO,146.6
30/05/2020,Pre-lockdown,before,0,22,15,,157,MJ,NO,54.1
30/05/2020,Pre-lockdown,before,0,22,19,,138,SJ,NO,36.4
30/05/2020,Pre-lockdown,before,0,22,20,,164,MJ,NO,62.2
30/05/2020,Pre-lockdown,before,0,22,21,,172,MJ,NO,72.6
30/05/2020,Pre-lockdown,before,0,22,22,,143,SJ,NO,40.5
30/05/2020,Pre-lockdown,before,0,22,23,,146,SJ,NO,43.1
30/05/2020,Pre-lockdown,before,0,22,24,,129,SJ,NO,29.9
30/05/2020,Pre-lockdown,before,0,22,25,,183,MJ,NO,89.2
30/05/2020,Pre-lockdown,before,0,22,26,,160,MJ,NO,57.5
30/05/2020,Pre-lockdown,before,0,22,27,,168,MJ,NO,67.3
30/05/2020,Pre-lockdown,before,0,22,28,,140,SJ,NO,38
30/05/2020,Pre-lockdown,before,0,22,29,,173,MJ,NO,74
30/05/2020,Pre-lockdown,before,0,22,30,,138,SJ,NO,36.4
04/05/2020,Pre-lockdown,before,0,21,29,23,207,AD,YES,134.8
04/05/2020,Pre-lockdown,before,0,23,10,19,213,AD,YES,149
04/05/2020,Pre-lockdown,before,0,23,12,15,207,AD,YES,135.1
16/04/2020,Pre-lockdown,before,0,20,27,10,153,AD,YES,49.9
16/04/2020,Pre-lockdown,before,0,20,38,10,147,AD,YES,44
16/04/2020,Pre-lockdown,before,0,20,23,9,198,AD,YES,116.2
16/04/2020,Pre-lockdown,before,0,20,34,7,181,AD,YES,86
04/05/2020,Pre-lockdown,before,0,23,11,6,213,AD,YES,149
04/05/2020,Pre-lockdown,before,0,23,15,6,190,AD,YES,101.1
16/04/2020,Pre-lockdown,before,0,20,30,5,181,AD,YES,86
16/04/2020,Pre-lockdown,before,0,20,31,5,197,AD,YES,114.2
04/05/2020,Pre-lockdown,before,0,21,14,5,190,AD,YES,101.1
04/05/2020,Pre-lockdown,before,0,23,14,5,175,AD,YES,76.9
04/05/2020,Pre-lockdown,before,0,23,23,5,220,AD,YES,166.5
16/04/2020,Pre-lockdown,before,0,20,24,4,171,AD,YES,71.3
16/04/2020,Pre-lockdown,before,0,20,25,4,166,AD,YES,64.7
16/04/2020,Pre-lockdown,before,0,20,26,4,163,AD,YES,61
16/04/2020,Pre-lockdown,before,0,20,28,4,180,AD,YES,84.4
16/04/2020,Pre-lockdown,before,0,20,33,4,147,AD,YES,44
16/04/2020,Pre-lockdown,before,0,20,36,4,159,AD,YES,56.3
16/04/2020,Pre-lockdown,before,0,20,37,4,151,AD,YES,47.9
04/05/2020,Pre-lockdown,before,0,23,13,4,173,AD,YES,74
04/05/2020,Pre-lockdown,before,0,23,24,4,209,AD,YES,139.6
04/05/2020,Pre-lockdown,before,0,23,25,4,208,AD,YES,137.3
16/04/2020,Pre-lockdown,before,0,20,22,2,193,SA,YES,106.5
16/04/2020,Pre-lockdown,before,0,20,29,2,182,SA,YES,87.5
16/04/2020,Pre-lockdown,before,0,20,32,2,174,SA,YES,75.5
16/04/2020,Pre-lockdown,before,0,20,35,2,170,SA,YES,69.9
04/05/2020,Pre-lockdown,before,0,21,26,2,198,SA,YES,116.1
04/05/2020,Pre-lockdown,before,0,23,17,2,175,SA,YES,76.9
04/05/2020,Pre-lockdown,before,0,23,22,2,192,SA,YES,104.7
16/04/2020,Pre-lockdown,before,0,20,1,,186,MJ,NO,94.1
16/04/2020,Pre-lockdown,before,0,20,2,,160,MJ,NO,57.5
16/04/2020,Pre-lockdown,before,0,20,3,,165,MJ,NO,63.5
16/04/2020,Pre-lockdown,before,0,20,4,,182,MJ,NO,87.5
16/04/2020,Pre-lockdown,before,0,20,5,,185,MJ,NO,92.4
16/04/2020,Pre-lockdown,before,0,20,6,,155,MJ,NO,52
16/04/2020,Pre-lockdown,before,0,20,7,,165,MJ,NO,63.5
16/04/2020,Pre-lockdown,before,0,20,8,,165,MJ,NO,63.5
16/04/2020,Pre-lockdown,before,0,20,9,,172,MJ,NO,72.6
16/04/2020,Pre-lockdown,before,0,20,10,,179,MJ,NO,82.8
16/04/2020,Pre-lockdown,before,0,20,11,,158,MJ,NO,55.2
16/04/2020,Pre-lockdown,before,0,20,12,,181,MJ,NO,86
16/04/2020,Pre-lockdown,before,0,20,13,,183,MJ,NO,89.2
16/04/2020,Pre-lockdown,before,0,20,14,,175,MJ,NO,76.9
16/04/2020,Pre-lockdown,before,0,20,15,,163,MJ,NO,61
16/04/2020,Pre-lockdown,before,0,20,16,,167,MJ,NO,66
16/04/2020,Pre-lockdown,before,0,20,17,,157,MJ,NO,54.1
16/04/2020,Pre-lockdown,before,0,20,18,,190,MJ,NO,101.1
16/04/2020,Pre-lockdown,before,0,20,19,,157,MJ,NO,54.1
16/04/2020,Pre-lockdown,before,0,20,20,,175,MJ,NO,76.9
16/04/2020,Pre-lockdown,before,0,20,21,,159,MJ,NO,56.3
04/05/2020,Pre-lockdown,before,0,21,1,,186,MJ,NO,94.1
04/05/2020,Pre-lockdown,before,0,21,2,,173,MJ,NO,74
04/05/2020,Pre-lockdown,before,0,21,3,,173,MJ,NO,74
04/05/2020,Pre-lockdown,before,0,21,4,,153,MJ,NO,49.9
04/05/2020,Pre-lockdown,before,0,21,5,,146,SJ,NO,43.1
04/05/2020,Pre-lockdown,before,0,21,6,,183,MJ,NO,89.2
04/05/2020,Pre-lockdown,before,0,21,7,,172,MJ,NO,72.6
04/05/2020,Pre-lockdown,before,0,21,8,,163,MJ,NO,61
04/05/2020,Pre-lockdown,before,0,21,9,,161,MJ,NO,58.6
04/05/2020,Pre-lockdown,before,0,21,10,,152,MJ,NO,48.9
04/05/2020,Pre-lockdown,before,0,21,11,,143,SJ,NO,40.5
04/05/2020,Pre-lockdown,before,0,21,12,,134,SJ,NO,33.3
04/05/2020,Pre-lockdown,before,0,21,13,,132,SJ,NO,31.9
04/05/2020,Pre-lockdown,before,0,21,15,,134,SJ,NO,33.6
04/05/2020,Pre-lockdown,before,0,21,16,,129,SJ,NO,29.9
04/05/2020,Pre-lockdown,before,0,21,17,,170,MJ,NO,69.8
04/05/2020,Pre-lockdown,before,0,21,18,,160,MJ,NO,57.5
04/05/2020,Pre-lockdown,before,0,21,19,,169,MJ,NO,68.2
04/05/2020,Pre-lockdown,before,0,21,20,,174,MJ,NO,74.8
04/05/2020,Pre-lockdown,before,0,21,21,,161,MJ,NO,59
04/05/2020,Pre-lockdown,before,0,21,22,,174,MJ,NO,74.8
04/05/2020,Pre-lockdown,before,0,21,23,,151,MJ,NO,48.1
04/05/2020,Pre-lockdown,before,0,21,24,,183,MJ,NO,89.2
04/05/2020,Pre-lockdown,before,0,21,25,,181,MJ,NO,85.5
04/05/2020,Pre-lockdown,before,0,21,27,,142,SJ,NO,39.8
04/05/2020,Pre-lockdown,before,0,21,28,,158,MJ,NO,54.7
04/05/2020,Pre-lockdown,before,0,21,30,,167,MJ,NO,66
04/05/2020,Pre-lockdown,before,0,21,31,,148,SJ,NO,45
04/05/2020,Pre-lockdown,before,0,21,32,,133,SJ,NO,32.6
04/05/2020,Pre-lockdown,before,0,21,33,,137,SJ,NO,35.6
04/05/2020,Pre-lockdown,before,0,21,34,,147,SJ,NO,44
04/05/2020,Pre-lockdown,before,0,21,35,,136,SJ,NO,34.8
04/05/2020,Pre-lockdown,before,0,23,1,,180,MJ,NO,84.4
04/05/2020,Pre-lockdown,before,0,23,2,,174,MJ,NO,75.5
04/05/2020,Pre-lockdown,before,0,23,3,,166,MJ,NO,64.7
04/05/2020,Pre-lockdown,before,0,23,4,,192,MJ,NO,104.7
04/05/2020,Pre-lockdown,before,0,23,5,,159,MJ,NO,56.3
04/05/2020,Pre-lockdown,before,0,23,6,,164,MJ,NO,62.2
04/05/2020,Pre-lockdown,before,0,23,7,,175,MJ,NO,76.9
04/05/2020,Pre-lockdown,before,0,23,8,,122,SJ,NO,25.6
04/05/2020,Pre-lockdown,before,0,23,9,,116,SJ,NO,22.3
04/05/2020,Pre-lockdown,before,0,23,16,,176,MJ,NO,78.3
04/05/2020,Pre-lockdown,before,0,23,18,,192,MJ,NO,104.7
04/05/2020,Pre-lockdown,before,0,23,19,,172,MJ,NO,72.6
04/05/2020,Pre-lockdown,before,0,23,20,,167,MJ,NO,66
04/05/2020,Pre-lockdown,before,0,23,21,,169,MJ,NO,68.6
16/04/2020,Pre-lockdown,before,0,4,2,10,218,AD,YES,161.3
16/04/2020,Pre-lockdown,before,0,4,3,7,184,AD,YES,90.8
16/04/2020,Pre-lockdown,before,0,4,4,7,217,AD,YES,158.8
16/04/2020,Pre-lockdown,before,0,4,1,6,210,AD,YES,141.9
16/04/2020,Pre-lockdown,before,0,4,5,2,179,SA,YES,82.8
30/05/2020,Pre-lockdown,before,0,19,1,1,160,SA,YES,57.5
16/04/2020,Pre-lockdown,before,0,4,6,,200,LJ,NO,120.2
16/04/2020,Pre-lockdown,before,0,4,7,,190,MJ,NO,101.1
16/04/2020,Pre-lockdown,before,0,4,8,,190,MJ,NO,101.1
16/04/2020,Pre-lockdown,before,0,4,9,,189,MJ,NO,99.3
16/04/2020,Pre-lockdown,before,0,4,10,,180,MJ,NO,84.4
16/04/2020,Pre-lockdown,before,0,4,11,,174,MJ,NO,75.5
16/04/2020,Pre-lockdown,before,0,4,12,,193,MJ,NO,106.5
16/04/2020,Pre-lockdown,before,0,4,13,,186,MJ,NO,93.8
16/04/2020,Pre-lockdown,before,0,4,14,,182,MJ,NO,87.5
16/04/2020,Pre-lockdown,before,0,4,15,,170,MJ,NO,69.9
16/04/2020,Pre-lockdown,before,0,4,16,,167,MJ,NO,66
16/04/2020,Pre-lockdown,before,0,4,17,,163,MJ,NO,61
16/04/2020,Pre-lockdown,before,0,4,18,,155,MJ,NO,52
16/04/2020,Pre-lockdown,before,0,4,19,,160,MJ,NO,57.5
16/04/2020,Pre-lockdown,before,0,4,20,,170,MJ,NO,69.9
16/04/2020,Pre-lockdown,before,0,4,21,,155,MJ,NO,52
16/04/2020,Pre-lockdown,before,0,4,22,,150,MJ,NO,46.9
16/04/2020,Pre-lockdown,before,0,4,23,,156,MJ,NO,53
16/04/2020,Pre-lockdown,before,0,4,24,,154,MJ,NO,50.9
30/05/2020,Pre-lockdown,before,0,19,2,,156,MJ,NO,53
30/05/2020,Pre-lockdown,before,0,19,3,,151,MJ,NO,47.9
30/05/2020,Pre-lockdown,before,0,19,4,,152,MJ,NO,48.9
30/05/2020,Pre-lockdown,before,0,19,5,,178,MJ,NO,81.3
30/05/2020,Pre-lockdown,before,0,19,6,,160,MJ,NO,57.5
30/05/2020,Pre-lockdown,before,0,19,7,,170,MJ,NO,69.9
30/05/2020,Pre-lockdown,before,0,19,8,,168,MJ,NO,67.3
30/05/2020,Pre-lockdown,before,0,19,9,,155,MJ,NO,52
30/05/2020,Pre-lockdown,before,0,19,10,,166,MJ,NO,64.7
30/05/2020,Pre-lockdown,before,0,19,11,,123,SJ,NO,26.1
30/05/2020,Pre-lockdown,before,0,19,12,,158,MJ,NO,55.2
30/05/2020,Pre-lockdown,before,0,19,13,,169,MJ,NO,68.2
30/05/2020,Pre-lockdown,before,0,19,14,,200,LJ,NO,120.6
30/05/2020,Pre-lockdown,before,0,19,15,,145,SJ,NO,42.1
30/05/2020,Pre-lockdown,before,0,19,16,,185,MJ,NO,93.1
30/05/2020,Pre-lockdown,before,0,19,17,,155,MJ,NO,52
30/05/2020,Pre-lockdown,before,0,19,18,,138,SJ,NO,36.6
30/05/2020,Pre-lockdown,before,0,22,1,,203,LJ,NO,126.4
30/05/2020,Pre-lockdown,before,0,22,2,,169,MJ,NO,68.6
30/05/2020,Pre-lockdown,before,0,22,3,,151,MJ,NO,47.9
30/05/2020,Pre-lockdown,before,0,22,4,,198,MJ,NO,116.2
30/05/2020,Pre-lockdown,before,0,22,5,,170,MJ,NO,69.9
30/05/2020,Pre-lockdown,before,0,22,6,,171,MJ,NO,71.3
30/05/2020,Pre-lockdown,before,0,22,7,,148,SJ,NO,45
30/05/2020,Pre-lockdown,before,0,22,8,,152,MJ,NO,48.9
30/05/2020,Pre-lockdown,before,0,22,9,,154,MJ,NO,50.9
30/05/2020,Pre-lockdown,before,0,22,10,,136,SJ,NO,34.6
30/05/2020,Pre-lockdown,before,0,22,11,,137,SJ,NO,35.6
30/05/2020,Pre-lockdown,before,0,22,12,,142,SJ,NO,39.8
30/05/2020,Pre-lockdown,before,0,22,13,,133,SJ,NO,32.6
30/05/2020,Pre-lockdown,before,0,22,14,,145,SJ,NO,42.1
17/04/2020,Week 1,after,7,10,1,5,219,AD,YES,163.9
17/04/2020,Week 1,after,7,10,4,5,193,AD,YES,106.5
17/04/2020,Week 1,after,7,10,2,,207,LJ,NO,135.1
17/04/2020,Week 1,after,7,10,3,,184,MJ,NO,90.8
17/04/2020,Week 1,after,7,10,5,,175,MJ,NO,76.9
17/04/2020,Week 1,after,7,10,6,,170,MJ,NO,70.3
17/04/2020,Week 1,after,7,10,7,,177,MJ,NO,79.8
17/04/2020,Week 1,after,7,10,8,,163,MJ,NO,61
17/04/2020,Week 1,after,7,10,9,,167,MJ,NO,66.6
17/04/2020,Week 1,after,7,10,10,,172,MJ,NO,72.6
17/04/2020,Week 1,after,7,10,11,,156,MJ,NO,53.3
17/04/2020,Week 1,after,7,10,12,,154,MJ,NO,51.3
17/04/2020,Week 1,after,7,10,13,,160,MJ,NO,57.8
17/04/2020,Week 1,after,7,10,14,,154,MJ,NO,50.8
17/04/2020,Week 1,after,7,10,15,,141,SJ,NO,38.9
17/04/2020,Week 1,after,7,10,16,,144,SJ,NO,41.7
17/04/2020,Week 1,after,7,10,17,,164,MJ,NO,62.2
17/04/2020,Week 1,after,7,10,18,,159,MJ,NO,56.3
17/04/2020,Week 1,after,7,10,19,,154,MJ,NO,50.7
17/04/2020,Week 1,after,7,10,20,,151,MJ,NO,47.5
17/04/2020,Week 1,after,7,10,21,,153,MJ,NO,50.1
17/04/2020,Week 1,after,7,10,22,,160,MJ,NO,57.5
17/04/2020,Week 1,after,7,10,23,,165,MJ,NO,64
17/04/2020,Week 1,after,7,10,24,,149,SJ,NO,45.6
17/04/2020,Week 1,after,7,10,25,,141,SJ,NO,39.1
17/04/2020,Week 1,after,7,10,26,,142,SJ,NO,39.5
17/04/2020,Week 1,after,7,10,27,,144,SJ,NO,41.6
17/04/2020,Week 1,after,7,10,28,,140,SJ,NO,37.7
17/04/2020,Week 1,after,7,10,29,,140,SJ,NO,37.8
17/04/2020,Week 1,after,7,10,30,,139,SJ,NO,37.1
17/04/2020,Week 1,after,7,10,31,,136,SJ,NO,35
17/04/2020,Week 1,after,7,10,32,,128,SJ,NO,29.5
17/04/2020,Week 1,after,7,10,33,,145,SJ,NO,42.1
17/04/2020,Week 1,after,7,10,34,,129,SJ,NO,29.9
17/04/2020,Week 1,after,7,10,35,,129,SJ,NO,29.9
17/04/2020,Week 1,after,7,10,36,,144,SJ,NO,40.9
17/04/2020,Week 1,after,7,10,37,,126,SJ,NO,27.8
17/04/2020,Week 1,after,7,10,38,,130,SJ,NO,30.8
17/04/2020,Week 1,after,7,10,39,,132,SJ,NO,31.7
17/04/2020,Week 1,after,7,10,40,,122,SJ,NO,25.6
17/04/2020,Week 1,after,7,10,41,,131,SJ,NO,31.4
17/04/2020,Week 1,after,7,10,42,,126,SJ,NO,28.2
17/04/2020,Week 1,after,7,10,43,,124,SJ,NO,26.4
17/04/2020,Week 1,after,7,10,44,,144,SJ,NO,40.9
17/04/2020,Week 1,after,7,10,45,,144,SJ,NO,40.9
17/04/2020,Week 1,after,7,10,46,,124,SJ,NO,26.7
17/04/2020,Week 1,after,7,10,47,,120,SJ,NO,24.4
17/04/2020,Week 1,after,7,10,48,,128,SJ,NO,29.2
17/04/2020,Week 1,after,7,10,49,,134,SJ,NO,33.6
17/04/2020,Week 1,after,7,10,50,,130,SJ,NO,30.5
17/04/2020,Week 1,after,7,10,51,,111,SJ,NO,19.9
17/04/2020,Week 1,after,7,10,52,,112,SJ,NO,20.6
17/04/2020,Week 1,after,7,10,53,,120,SJ,NO,24.2
17/04/2020,Week 1,after,7,10,54,,120,SJ,NO,24.2
16/04/2020,Week 1,after,7,3,11,14,209,AD,YES,139.2
16/04/2020,Week 1,after,7,3,16,2,168,SA,YES,67.3
16/04/2020,Week 1,after,7,3,1,,152,MJ,NO,49.2
16/04/2020,Week 1,after,7,3,2,,140,SJ,NO,38
16/04/2020,Week 1,after,7,3,3,,144,SJ,NO,41.6
16/04/2020,Week 1,after,7,3,4,,144,SJ,NO,41.6
16/04/2020,Week 1,after,7,3,5,,151,MJ,NO,47.6
16/04/2020,Week 1,after,7,3,6,,153,MJ,NO,49.9
16/04/2020,Week 1,after,7,3,7,,170,MJ,NO,69.9
16/04/2020,Week 1,after,7,3,8,,156,MJ,NO,53
16/04/2020,Week 1,after,7,3,9,,170,MJ,NO,69.7
16/04/2020,Week 1,after,7,3,10,,178,MJ,NO,81.1
16/04/2020,Week 1,after,7,3,12,,168,MJ,NO,67.6
16/04/2020,Week 1,after,7,3,13,,168,MJ,NO,67.3
16/04/2020,Week 1,after,7,3,14,,170,MJ,NO,69.9
16/04/2020,Week 1,after,7,3,15,,183,MJ,NO,89.2
16/04/2020,Week 1,after,7,3,17,,170,MJ,NO,69.9
16/04/2020,Week 1,after,7,3,18,,165,MJ,NO,63.5
16/04/2020,Week 1,after,7,3,19,,156,MJ,NO,53
16/04/2020,Week 1,after,7,3,20,,157,MJ,NO,54.2
16/04/2020,Week 1,after,7,3,21,,168,MJ,NO,67.3
16/04/2020,Week 1,after,7,3,22,,148,SJ,NO,44.5
16/04/2020,Week 1,after,7,3,23,,160,MJ,NO,57.8
16/04/2020,Week 1,after,7,3,24,,154,MJ,NO,50.8
16/04/2020,Week 1,after,7,3,25,,135,SJ,NO,33.9
16/04/2020,Week 1,after,7,3,26,,141,SJ,NO,38.9
16/04/2020,Week 1,after,7,3,27,,127,SJ,NO,28.4
16/04/2020,Week 1,after,7,3,28,,132,SJ,NO,31.6
20/04/2020,Week 1,after,7,9,2,20,198,AD,YES,116.2
20/04/2020,Week 1,after,7,9,71,12,177,AD,YES,79.8
20/04/2020,Week 1,after,7,9,1,8,192,AD,YES,104.7
20/04/2020,Week 1,after,7,9,70,5,217,AD,YES,158.8
20/04/2020,Week 1,after,7,9,4,4,178,AD,YES,81.3
20/04/2020,Week 1,after,7,9,33,4,178,AD,YES,81.3
20/04/2020,Week 1,after,7,9,34,4,153,AD,YES,49.9
20/04/2020,Week 1,after,7,9,72,4,184,AD,YES,90.8
20/04/2020,Week 1,after,7,9,3,,185,MJ,NO,92.4
20/04/2020,Week 1,after,7,9,5,,198,MJ,NO,116.2
20/04/2020,Week 1,after,7,9,6,,181,MJ,NO,86
20/04/2020,Week 1,after,7,9,7,,184,MJ,NO,90.8
20/04/2020,Week 1,after,7,9,8,,174,MJ,NO,75.5
20/04/2020,Week 1,after,7,9,9,,165,MJ,NO,63.5
20/04/2020,Week 1,after,7,9,10,,168,MJ,NO,67.3
20/04/2020,Week 1,after,7,9,11,,174,MJ,NO,75.5
20/04/2020,Week 1,after,7,9,12,,175,MJ,NO,76.9
20/04/2020,Week 1,after,7,9,13,,161,MJ,NO,58.6
20/04/2020,Week 1,after,7,9,14,,155,MJ,NO,52
20/04/2020,Week 1,after,7,9,15,,151,MJ,NO,47.9
20/04/2020,Week 1,after,7,9,16,,164,MJ,NO,62.2
20/04/2020,Week 1,after,7,9,17,,160,MJ,NO,57.5
20/04/2020,Week 1,after,7,9,18,,165,MJ,NO,63.5
20/04/2020,Week 1,after,7,9,19,,151,MJ,NO,47.9
20/04/2020,Week 1,after,7,9,20,,153,MJ,NO,49.9
20/04/2020,Week 1,after,7,9,21,,151,MJ,NO,47.9
20/04/2020,Week 1,after,7,9,22,,147,SJ,NO,44
20/04/2020,Week 1,after,7,9,23,,139,SJ,NO,37.2
20/04/2020,Week 1,after,7,9,24,,131,SJ,NO,31.2
20/04/2020,Week 1,after,7,9,25,,125,SJ,NO,27.3
20/04/2020,Week 1,after,7,9,26,,132,SJ,NO,31.9
20/04/2020,Week 1,after,7,9,27,,128,SJ,NO,29.2
20/04/2020,Week 1,after,7,9,28,,120,SJ,NO,24.4
20/04/2020,Week 1,after,7,9,29,,119,SJ,NO,23.9
20/04/2020,Week 1,after,7,9,30,,122,SJ,NO,25.6
20/04/2020,Week 1,after,7,9,31,,119,SJ,NO,23.9
20/04/2020,Week 1,after,7,9,32,,126,SJ,NO,27.9
20/04/2020,Week 1,after,7,9,35,,169,MJ,NO,68.6
20/04/2020,Week 1,after,7,9,36,,172,MJ,NO,72.6
20/04/2020,Week 1,after,7,9,37,,191,MJ,NO,102.9
20/04/2020,Week 1,after,7,9,38,,153,MJ,NO,49.9
20/04/2020,Week 1,after,7,9,39,,169,MJ,NO,68.6
20/04/2020,Week 1,after,7,9,40,,187,MJ,NO,95.8
20/04/2020,Week 1,after,7,9,41,,182,MJ,NO,87.5
20/04/2020,Week 1,after,7,9,42,,162,MJ,NO,59.8
20/04/2020,Week 1,after,7,9,43,,173,MJ,NO,74
20/04/2020,Week 1,after,7,9,44,,164,MJ,NO,62.2
20/04/2020,Week 1,after,7,9,45,,165,MJ,NO,63.5
20/04/2020,Week 1,after,7,9,46,,166,MJ,NO,64.7
20/04/2020,Week 1,after,7,9,47,,167,MJ,NO,66
20/04/2020,Week 1,after,7,9,48,,158,MJ,NO,55.2
20/04/2020,Week 1,after,7,9,49,,151,MJ,NO,47.9
20/04/2020,Week 1,after,7,9,50,,156,MJ,NO,53
20/04/2020,Week 1,after,7,9,51,,156,MJ,NO,53
20/04/2020,Week 1,after,7,9,52,,167,MJ,NO,66
20/04/2020,Week 1,after,7,9,53,,156,MJ,NO,53
20/04/2020,Week 1,after,7,9,54,,163,MJ,NO,61
20/04/2020,Week 1,after,7,9,55,,166,MJ,NO,64.7
20/04/2020,Week 1,after,7,9,56,,169,MJ,NO,68.6
20/04/2020,Week 1,after,7,9,57,,147,SJ,NO,44
20/04/2020,Week 1,after,7,9,58,,143,SJ,NO,40.5
20/04/2020,Week 1,after,7,9,59,,143,SJ,NO,40.5
20/04/2020,Week 1,after,7,9,60,,144,SJ,NO,41.3
20/04/2020,Week 1,after,7,9,61,,149,SJ,NO,45.9
20/04/2020,Week 1,after,7,9,62,,152,MJ,NO,48.9
20/04/2020,Week 1,after,7,9,63,,143,SJ,NO,40.5
20/04/2020,Week 1,after,7,9,64,,140,SJ,NO,38
20/04/2020,Week 1,after,7,9,65,,148,SJ,NO,45
20/04/2020,Week 1,after,7,9,66,,148,SJ,NO,45
20/04/2020,Week 1,after,7,9,67,,142,SJ,NO,39.6
20/04/2020,Week 1,after,7,9,68,,134,SJ,NO,33.3
20/04/2020,Week 1,after,7,9,69,,122,SJ,NO,25.6
20/04/2020,Week 1,after,7,9,73,,202,LJ,NO,124.3
20/04/2020,Week 1,after,7,9,74,,184,MJ,NO,90.8
20/04/2020,Week 1,after,7,9,75,,188,MJ,NO,97.5
20/04/2020,Week 1,after,7,9,76,,180,MJ,NO,84.4
20/04/2020,Week 1,after,7,9,77,,180,MJ,NO,84.4
20/04/2020,Week 1,after,7,9,78,,180,MJ,NO,84.4
20/04/2020,Week 1,after,7,9,79,,179,MJ,NO,82.8
20/04/2020,Week 1,after,7,9,80,,129,SJ,NO,29.9
20/04/2020,Week 1,after,7,9,81,,118,SJ,NO,23.4
20/04/2020,Week 1,after,7,9,82,,167,MJ,NO,66
20/04/2020,Week 1,after,7,9,83,,175,MJ,NO,76.9
20/04/2020,Week 1,after,7,9,84,,175,MJ,NO,76.9
20/04/2020,Week 1,after,7,9,85,,162,MJ,NO,59.8
20/04/2020,Week 1,after,7,9,86,,169,MJ,NO,68.6
20/04/2020,Week 1,after,7,9,87,,150,MJ,NO,46.9
20/04/2020,Week 1,after,7,9,88,,139,SJ,NO,37.2
20/04/2020,Week 1,after,7,9,89,,162,MJ,NO,59.8
20/04/2020,Week 1,after,7,9,90,,152,MJ,NO,48.9
20/04/2020,Week 1,after,7,9,91,,161,MJ,NO,58.6
20/04/2020,Week 1,after,7,9,92,,171,MJ,NO,71.3
20/04/2020,Week 1,after,7,9,93,,160,MJ,NO,57.5
20/04/2020,Week 1,after,7,9,94,,160,MJ,NO,57.5
20/04/2020,Week 1,after,7,9,95,,161,MJ,NO,58.6
20/04/2020,Week 1,after,7,9,96,,163,MJ,NO,61
20/04/2020,Week 1,after,7,9,97,,159,MJ,NO,56.3
20/04/2020,Week 1,after,7,9,98,,166,MJ,NO,64.7
20/04/2020,Week 1,after,7,9,99,,160,MJ,NO,57.5
20/04/2020,Week 1,after,7,9,100,,159,MJ,NO,56.3
20/04/2020,Week 1,after,7,9,101,,163,MJ,NO,61
20/04/2020,Week 1,after,7,9,102,,158,MJ,NO,55.2
20/04/2020,Week 1,after,7,9,103,,158,MJ,NO,55.2
20/04/2020,Week 1,after,7,9,104,,155,MJ,NO,52
20/04/2020,Week 1,after,7,9,105,,163,MJ,NO,61
20/04/2020,Week 1,after,7,9,106,,158,MJ,NO,55.2
20/04/2020,Week 1,after,7,9,107,,158,MJ,NO,55.2
20/04/2020,Week 1,after,7,9,108,,153,MJ,NO,49.9
20/04/2020,Week 1,after,7,9,109,,155,MJ,NO,52
20/04/2020,Week 1,after,7,9,110,,150,MJ,NO,46.9
20/04/2020,Week 1,after,7,9,111,,166,MJ,NO,64.7
20/04/2020,Week 1,after,7,9,112,,159,MJ,NO,56.3
20/04/2020,Week 1,after,7,9,113,,148,SJ,NO,45
20/04/2020,Week 1,after,7,9,114,,148,SJ,NO,45
20/04/2020,Week 1,after,7,9,115,,157,MJ,NO,54.1
20/04/2020,Week 1,after,7,9,116,,148,SJ,NO,45
20/04/2020,Week 1,after,7,9,117,,147,SJ,NO,44
20/04/2020,Week 1,after,7,9,118,,145,SJ,NO,42.2
20/04/2020,Week 1,after,7,9,119,,139,SJ,NO,37.2
20/04/2020,Week 1,after,7,9,120,,126,SJ,NO,27.9
20/04/2020,Week 1,after,7,9,121,,143,SJ,NO,40.5
27/04/2020,Week 2,after,14,14,63,18,216,AD,YES,156.3
27/04/2020,Week 2,after,14,14,67,11,158,AD,YES,55.2
27/04/2020,Week 2,after,14,14,66,10,226,AD,YES,182.6
27/04/2020,Week 2,after,14,14,58,8,168,AD,YES,67.3
27/04/2020,Week 2,after,14,14,62,7,186,AD,YES,94.1
27/04/2020,Week 2,after,14,14,60,4,204,AD,YES,128.5
27/04/2020,Week 2,after,14,14,57,3,209,SA,YES,139.6
27/04/2020,Week 2,after,14,14,59,3,200,SA,YES,120.2
27/04/2020,Week 2,after,14,14,61,3,217,SA,YES,158.8
27/04/2020,Week 2,after,14,14,64,3,188,SA,YES,97.5
27/04/2020,Week 2,after,14,14,65,2,168,SA,YES,67.3
27/04/2020,Week 2,after,14,14,1,,182,MJ,NO,87.5
27/04/2020,Week 2,after,14,14,2,,172,MJ,NO,72.6
27/04/2020,Week 2,after,14,14,3,,188,MJ,NO,97.5
27/04/2020,Week 2,after,14,14,4,,162,MJ,NO,59.8
27/04/2020,Week 2,after,14,14,5,,153,MJ,NO,49.9
27/04/2020,Week 2,after,14,14,6,,178,MJ,NO,81.3
27/04/2020,Week 2,after,14,14,7,,182,MJ,NO,87.5
27/04/2020,Week 2,after,14,14,8,,181,MJ,NO,86
27/04/2020,Week 2,after,14,14,9,,170,MJ,NO,69.9
27/04/2020,Week 2,after,14,14,10,,180,MJ,NO,84.4
27/04/2020,Week 2,after,14,14,11,,171,MJ,NO,71.3
27/04/2020,Week 2,after,14,14,12,,164,MJ,NO,62.2
27/04/2020,Week 2,after,14,14,13,,160,MJ,NO,57.5
27/04/2020,Week 2,after,14,14,14,,185,MJ,NO,92.4
27/04/2020,Week 2,after,14,14,15,,163,MJ,NO,61
27/04/2020,Week 2,after,14,14,16,,183,MJ,NO,89.2
27/04/2020,Week 2,after,14,14,17,,167,MJ,NO,66
27/04/2020,Week 2,after,14,14,18,,180,MJ,NO,84.4
27/04/2020,Week 2,after,14,14,19,,203,LJ,NO,126.4
27/04/2020,Week 2,after,14,14,20,,158,MJ,NO,55.2
27/04/2020,Week 2,after,14,14,21,,165,MJ,NO,63.5
27/04/2020,Week 2,after,14,14,22,,157,MJ,NO,54.1
27/04/2020,Week 2,after,14,14,23,,140,SJ,NO,38
27/04/2020,Week 2,after,14,14,24,,169,MJ,NO,68.6
27/04/2020,Week 2,after,14,14,25,,180,MJ,NO,84.4
27/04/2020,Week 2,after,14,14,26,,156,MJ,NO,53
27/04/2020,Week 2,after,14,14,27,,176,MJ,NO,78.3
27/04/2020,Week 2,after,14,14,28,,168,MJ,NO,67.3
27/04/2020,Week 2,after,14,14,29,,177,MJ,NO,79.8
27/04/2020,Week 2,after,14,14,30,,176,MJ,NO,78.3
27/04/2020,Week 2,after,14,14,31,,162,MJ,NO,59.8
27/04/2020,Week 2,after,14,14,32,,144,SJ,NO,41.3
27/04/2020,Week 2,after,14,14,33,,163,MJ,NO,61
27/04/2020,Week 2,after,14,14,34,,160,MJ,NO,57.5
27/04/2020,Week 2,after,14,14,35,,185,MJ,NO,92.4
27/04/2020,Week 2,after,14,14,36,,173,MJ,NO,74
27/04/2020,Week 2,after,14,14,37,,156,MJ,NO,53
27/04/2020,Week 2,after,14,14,38,,194,MJ,NO,108.4
27/04/2020,Week 2,after,14,14,39,,180,MJ,NO,84.4
27/04/2020,Week 2,after,14,14,40,,167,MJ,NO,66
27/04/2020,Week 2,after,14,14,41,,156,MJ,NO,53
27/04/2020,Week 2,after,14,14,42,,169,MJ,NO,68.6
27/04/2020,Week 2,after,14,14,43,,210,LJ,NO,141.9
27/04/2020,Week 2,after,14,14,44,,164,MJ,NO,62.2
27/04/2020,Week 2,after,14,14,45,,151,MJ,NO,47.9
27/04/2020,Week 2,after,14,14,46,,160,MJ,NO,57.5
27/04/2020,Week 2,after,14,14,47,,151,MJ,NO,47.9
27/04/2020,Week 2,after,14,14,48,,168,MJ,NO,67.3
27/04/2020,Week 2,after,14,14,49,,178,MJ,NO,81.3
27/04/2020,Week 2,after,14,14,50,,153,MJ,NO,49.9
27/04/2020,Week 2,after,14,14,51,,193,MJ,NO,106.5
27/04/2020,Week 2,after,14,14,52,,149,SJ,NO,45.9
27/04/2020,Week 2,after,14,14,53,,184,MJ,NO,90.8
27/04/2020,Week 2,after,14,14,54,,168,MJ,NO,67.3
27/04/2020,Week 2,after,14,14,55,,169,MJ,NO,68.6
27/04/2020,Week 2,after,14,14,56,,173,MJ,NO,74
20/04/2020,Week 2,after,14,12,24,17,247,AD,YES,248.6
04/05/2020,Week 2,after,14,13,4,11,173,AD,YES,74
20/04/2020,Week 2,after,14,12,87,10,166,AD,YES,64.7
04/05/2020,Week 2,after,14,13,2,10,215,AD,YES,153.8
04/05/2020,Week 2,after,14,13,8,10,166,AD,YES,64.7
04/05/2020,Week 2,after,14,13,14,10,213,AD,YES,149
04/05/2020,Week 2,after,14,13,16,10,199,AD,YES,118.2
20/04/2020,Week 2,after,14,12,7,8,148,AD,YES,45
04/05/2020,Week 2,after,14,13,7,8,173,AD,YES,74
20/04/2020,Week 2,after,14,12,4,7,191,AD,YES,102.9
20/04/2020,Week 2,after,14,12,10,7,165,AD,YES,63.5
20/04/2020,Week 2,after,14,12,15,7,193,AD,YES,106.5
20/04/2020,Week 2,after,14,12,25,7,213,AD,YES,149
20/04/2020,Week 2,after,14,12,39,7,178,AD,YES,81.3
04/05/2020,Week 2,after,14,13,15,7,173,AD,YES,74
20/04/2020,Week 2,after,14,12,9,6,176,AD,YES,78.3
20/04/2020,Week 2,after,14,12,23,6,200,AD,YES,120.2
20/04/2020,Week 2,after,14,12,60,6,164,AD,YES,62.2
04/05/2020,Week 2,after,14,13,25,6,204,AD,YES,128.5
20/04/2020,Week 2,after,14,12,8,5,204,AD,YES,128.5
20/04/2020,Week 2,after,14,12,22,5,180,AD,YES,84.4
20/04/2020,Week 2,after,14,12,27,5,158,AD,YES,55.2
20/04/2020,Week 2,after,14,12,40,5,155,AD,YES,52
20/04/2020,Week 2,after,14,12,61,5,152,AD,YES,48.9
04/05/2020,Week 2,after,14,13,3,5,204,AD,YES,128.5
04/05/2020,Week 2,after,14,13,5,5,163,AD,YES,61
20/04/2020,Week 2,after,14,12,86,4,157,AD,YES,54.1
04/05/2020,Week 2,after,14,13,1,4,204,AD,YES,128.5
04/05/2020,Week 2,after,14,13,6,4,192,AD,YES,104.7
04/05/2020,Week 2,after,14,13,26,4,182,AD,YES,87.5
20/04/2020,Week 2,after,14,12,20,3,156,SA,YES,53
20/04/2020,Week 2,after,14,12,41,3,151,SA,YES,47.9
20/04/2020,Week 2,after,14,12,105,3,162,SA,YES,59.8
04/05/2020,Week 2,after,14,13,27,3,187,SA,YES,95.8
20/04/2020,Week 2,after,14,12,28,2,164,SA,YES,62.2
20/04/2020,Week 2,after,14,12,42,2,175,SA,YES,76.9
20/04/2020,Week 2,after,14,12,44,2,149,SA,YES,45.9
04/05/2020,Week 2,after,14,13,28,2,170,SA,YES,69.9
20/04/2020,Week 2,after,14,12,1,,192,MJ,NO,104.7
20/04/2020,Week 2,after,14,12,2,,185,MJ,NO,92.4
20/04/2020,Week 2,after,14,12,3,,178,MJ,NO,81.3
20/04/2020,Week 2,after,14,12,5,,171,MJ,NO,71.3
20/04/2020,Week 2,after,14,12,6,,172,MJ,NO,72.6
20/04/2020,Week 2,after,14,12,11,,169,MJ,NO,68.6
20/04/2020,Week 2,after,14,12,12,,164,MJ,NO,62.2
20/04/2020,Week 2,after,14,12,13,,174,MJ,NO,75.5
20/04/2020,Week 2,after,14,12,14,,163,MJ,NO,61
20/04/2020,Week 2,after,14,12,16,,175,MJ,NO,76.9
20/04/2020,Week 2,after,14,12,17,,176,MJ,NO,78.3
20/04/2020,Week 2,after,14,12,18,,172,MJ,NO,72.6
20/04/2020,Week 2,after,14,12,19,,170,MJ,NO,69.9
20/04/2020,Week 2,after,14,12,21,,161,MJ,NO,58.6
20/04/2020,Week 2,after,14,12,26,,170,MJ,NO,69.9
20/04/2020,Week 2,after,14,12,29,,175,MJ,NO,76.9
20/04/2020,Week 2,after,14,12,30,,166,MJ,NO,64.7
20/04/2020,Week 2,after,14,12,31,,164,MJ,NO,62.2
20/04/2020,Week 2,after,14,12,32,,165,MJ,NO,63.5
20/04/2020,Week 2,after,14,12,33,,165,MJ,NO,63.5
20/04/2020,Week 2,after,14,12,34,,159,MJ,NO,56.3
20/04/2020,Week 2,after,14,12,35,,170,MJ,NO,69.9
20/04/2020,Week 2,after,14,12,36,,162,MJ,NO,59.8
20/04/2020,Week 2,after,14,12,37,,154,MJ,NO,50.9
20/04/2020,Week 2,after,14,12,38,,144,SJ,NO,41.3
20/04/2020,Week 2,after,14,12,43,,186,MJ,NO,94.1
20/04/2020,Week 2,after,14,12,45,,170,MJ,NO,69.9
20/04/2020,Week 2,after,14,12,46,,166,MJ,NO,64.7
20/04/2020,Week 2,after,14,12,47,,182,MJ,NO,87.5
20/04/2020,Week 2,after,14,12,48,,177,MJ,NO,79.8
20/04/2020,Week 2,after,14,12,49,,175,MJ,NO,76.9
20/04/2020,Week 2,after,14,12,50,,175,MJ,NO,76.9
20/04/2020,Week 2,after,14,12,51,,171,MJ,NO,71.3
20/04/2020,Week 2,after,14,12,52,,178,MJ,NO,81.3
20/04/2020,Week 2,after,14,12,53,,163,MJ,NO,61
20/04/2020,Week 2,after,14,12,54,,179,MJ,NO,82.8
20/04/2020,Week 2,after,14,12,55,,170,MJ,NO,69.9
20/04/2020,Week 2,after,14,12,56,,180,MJ,NO,84.4
20/04/2020,Week 2,after,14,12,57,,169,MJ,NO,68.6
20/04/2020,Week 2,after,14,12,58,,166,MJ,NO,64.7
20/04/2020,Week 2,after,14,12,59,,162,MJ,NO,59.8
20/04/2020,Week 2,after,14,12,62,,183,MJ,NO,89.2
20/04/2020,Week 2,after,14,12,63,,154,MJ,NO,50.9
20/04/2020,Week 2,after,14,12,64,,168,MJ,NO,67.3
20/04/2020,Week 2,after,14,12,65,,168,MJ,NO,67.3
20/04/2020,Week 2,after,14,12,66,,174,MJ,NO,75.5
20/04/2020,Week 2,after,14,12,67,,168,MJ,NO,67.3
20/04/2020,Week 2,after,14,12,68,,164,MJ,NO,62.2
20/04/2020,Week 2,after,14,12,69,,152,MJ,NO,48.9
20/04/2020,Week 2,after,14,12,70,,162,MJ,NO,59.8
20/04/2020,Week 2,after,14,12,71,,156,MJ,NO,53
20/04/2020,Week 2,after,14,12,72,,163,MJ,NO,61
20/04/2020,Week 2,after,14,12,73,,160,MJ,NO,57.5
20/04/2020,Week 2,after,14,12,74,,154,MJ,NO,50.9
20/04/2020,Week 2,after,14,12,75,,173,MJ,NO,74
20/04/2020,Week 2,after,14,12,76,,155,MJ,NO,52
20/04/2020,Week 2,after,14,12,77,,153,MJ,NO,49.9
20/04/2020,Week 2,after,14,12,78,,153,MJ,NO,49.9
20/04/2020,Week 2,after,14,12,79,,141,SJ,NO,38.8
20/04/2020,Week 2,after,14,12,80,,151,MJ,NO,47.9
20/04/2020,Week 2,after,14,12,81,,151,MJ,NO,47.9
20/04/2020,Week 2,after,14,12,82,,181,MJ,NO,86
20/04/2020,Week 2,after,14,12,83,,187,MJ,NO,95.8
20/04/2020,Week 2,after,14,12,84,,161,MJ,NO,58.6
20/04/2020,Week 2,after,14,12,85,,182,MJ,NO,87.5
20/04/2020,Week 2,after,14,12,88,,170,MJ,NO,69.9
20/04/2020,Week 2,after,14,12,89,,172,MJ,NO,72.6
20/04/2020,Week 2,after,14,12,90,,196,MJ,NO,112.2
20/04/2020,Week 2,after,14,12,91,,170,MJ,NO,69.9
20/04/2020,Week 2,after,14,12,92,,178,MJ,NO,81.3
20/04/2020,Week 2,after,14,12,93,,164,MJ,NO,62.2
20/04/2020,Week 2,after,14,12,94,,175,MJ,NO,76.9
20/04/2020,Week 2,after,14,12,95,,168,MJ,NO,67.3
20/04/2020,Week 2,after,14,12,96,,174,MJ,NO,75.5
20/04/2020,Week 2,after,14,12,97,,172,MJ,NO,72.6
20/04/2020,Week 2,after,14,12,98,,174,MJ,NO,75.5
20/04/2020,Week 2,after,14,12,99,,164,MJ,NO,62.2
20/04/2020,Week 2,after,14,12,100,,156,MJ,NO,53
20/04/2020,Week 2,after,14,12,101,,163,MJ,NO,61
20/04/2020,Week 2,after,14,12,102,,183,MJ,NO,89.2
20/04/2020,Week 2,after,14,12,103,,160,MJ,NO,57.5
20/04/2020,Week 2,after,14,12,104,,186,MJ,NO,94.1
20/04/2020,Week 2,after,14,12,106,,169,MJ,NO,68.6
20/04/2020,Week 2,after,14,12,107,,160,MJ,NO,57.2
20/04/2020,Week 2,after,14,12,108,,166,MJ,NO,64.7
20/04/2020,Week 2,after,14,12,109,,161,MJ,NO,58.6
20/04/2020,Week 2,after,14,12,110,,161,MJ,NO,58.6
20/04/2020,Week 2,after,14,12,111,,162,MJ,NO,59.8
20/04/2020,Week 2,after,14,12,112,,182,MJ,NO,87.5
20/04/2020,Week 2,after,14,12,113,,170,MJ,NO,69.9
20/04/2020,Week 2,after,14,12,114,,167,MJ,NO,66
20/04/2020,Week 2,after,14,12,115,,161,MJ,NO,58.6
20/04/2020,Week 2,after,14,12,116,,162,MJ,NO,59.8
20/04/2020,Week 2,after,14,12,117,,158,MJ,NO,55.2
20/04/2020,Week 2,after,14,12,118,,151,MJ,NO,47.9
20/04/2020,Week 2,after,14,12,119,,171,MJ,NO,71.3
20/04/2020,Week 2,after,14,12,120,,161,MJ,NO,58.6
20/04/2020,Week 2,after,14,12,121,,161,MJ,NO,58.6
20/04/2020,Week 2,after,14,12,122,,142,SJ,NO,39.6
04/05/2020,Week 2,after,14,13,9,,204,LJ,NO,128.5
04/05/2020,Week 2,after,14,13,10,,202,LJ,NO,124.3
04/05/2020,Week 2,after,14,13,11,,187,MJ,NO,95.8
04/05/2020,Week 2,after,14,13,12,,171,MJ,NO,71.3
04/05/2020,Week 2,after,14,13,13,,158,MJ,NO,55.2
04/05/2020,Week 2,after,14,13,17,,208,LJ,NO,137.3
04/05/2020,Week 2,after,14,13,18,,178,MJ,NO,81.3
04/05/2020,Week 2,after,14,13,19,,162,MJ,NO,59.8
04/05/2020,Week 2,after,14,13,20,,177,MJ,NO,79.8
04/05/2020,Week 2,after,14,13,21,,158,MJ,NO,55.2
04/05/2020,Week 2,after,14,13,22,,170,MJ,NO,69.9
04/05/2020,Week 2,after,14,13,23,,155,MJ,NO,52
04/05/2020,Week 2,after,14,13,24,,169,MJ,NO,68.6
04/05/2020,Week 2,after,14,13,29,,159,MJ,NO,56.3
04/05/2020,Week 2,after,14,13,30,,190,MJ,NO,101.1
04/05/2020,Week 2,after,14,13,31,,180,MJ,NO,84.4
04/05/2020,Week 2,after,14,13,32,,183,MJ,NO,89.2
04/05/2020,Week 2,after,14,13,33,,170,MJ,NO,69.9
04/05/2020,Week 2,after,14,13,34,,163,MJ,NO,61
04/05/2020,Week 2,after,14,13,35,,160,MJ,NO,57.5
04/05/2020,Week 2,after,14,13,36,,155,MJ,NO,52
09/05/2020,Week 3,after,21,8,1,13,185,AD,YES,92.4
09/05/2020,Week 3,after,21,8,2,13,190,AD,YES,101.1
02/05/2020,Week 3,after,21,5,75,10,184,AD,YES,90.8
02/05/2020,Week 3,after,21,5,2,9,186,AD,YES,94.1
02/05/2020,Week 3,after,21,5,185,8,194,AD,YES,108.4
02/05/2020,Week 3,after,21,5,3,6,186,AD,YES,94.1
02/05/2020,Week 3,after,21,5,76,6,172,AD,YES,72.6
02/05/2020,Week 3,after,21,5,184,6,196,AD,YES,112.2
02/05/2020,Week 3,after,21,5,161,5,152,AD,YES,48.4
02/05/2020,Week 3,after,21,5,183,5,175,AD,YES,76.9
09/05/2020,Week 3,after,21,8,4,5,185,AD,YES,92.4
09/05/2020,Week 3,after,21,8,6,4,177,AD,YES,79.8
02/05/2020,Week 3,after,21,5,1,3,175,SA,YES,76.9
09/05/2020,Week 3,after,21,8,3,3,204,SA,YES,128.5
02/05/2020,Week 3,after,21,5,189,2,166,SA,YES,64.7
02/05/2020,Week 3,after,21,5,193,2,165,SA,YES,63.5
02/05/2020,Week 3,after,21,5,194,2,158,SA,YES,55.2
09/05/2020,Week 3,after,21,8,5,2,167,SA,YES,66
09/05/2020,Week 3,after,21,8,7,2,191,SA,YES,102.9
02/05/2020,Week 3,after,21,5,4,,168,MJ,NO,67.3
02/05/2020,Week 3,after,21,5,5,,180,MJ,NO,84.4
02/05/2020,Week 3,after,21,5,6,,173,MJ,NO,74
02/05/2020,Week 3,after,21,5,7,,169,MJ,NO,68.6
02/05/2020,Week 3,after,21,5,8,,161,MJ,NO,58.6
02/05/2020,Week 3,after,21,5,9,,160,MJ,NO,57.5
02/05/2020,Week 3,after,21,5,10,,152,MJ,NO,48.9
02/05/2020,Week 3,after,21,5,11,,160,MJ,NO,57.5
02/05/2020,Week 3,after,21,5,12,,170,MJ,NO,69.9
02/05/2020,Week 3,after,21,5,13,,160,MJ,NO,57.5
02/05/2020,Week 3,after,21,5,14,,128,SJ,NO,29.2
02/05/2020,Week 3,after,21,5,15,,155,MJ,NO,52
02/05/2020,Week 3,after,21,5,16,,149,SJ,NO,45.9
02/05/2020,Week 3,after,21,5,17,,154,MJ,NO,50.9
02/05/2020,Week 3,after,21,5,18,,153,MJ,NO,49.9
02/05/2020,Week 3,after,21,5,19,,133,SJ,NO,32.6
02/05/2020,Week 3,after,21,5,20,,158,MJ,NO,55.2
02/05/2020,Week 3,after,21,5,22,,146,SJ,NO,43.1
02/05/2020,Week 3,after,21,5,23,,130,SJ,NO,30.5
02/05/2020,Week 3,after,21,5,24,,129,SJ,NO,29.9
02/05/2020,Week 3,after,21,5,25,,174,MJ,NO,75.5
02/05/2020,Week 3,after,21,5,26,,198,MJ,NO,116.2
02/05/2020,Week 3,after,21,5,27,,169,MJ,NO,68.6
02/05/2020,Week 3,after,21,5,28,,160,MJ,NO,57.5
02/05/2020,Week 3,after,21,5,29,,160,MJ,NO,57.5
02/05/2020,Week 3,after,21,5,30,,149,SJ,NO,45.9
02/05/2020,Week 3,after,21,5,31,,155,MJ,NO,52
02/05/2020,Week 3,after,21,5,32,,137,SJ,NO,35.6
02/05/2020,Week 3,after,21,5,33,,152,MJ,NO,49
02/05/2020,Week 3,after,21,5,34,,125,SJ,NO,27.3
02/05/2020,Week 3,after,21,5,35,,127,SJ,NO,28.6
02/05/2020,Week 3,after,21,5,36,,133,SJ,NO,32.6
02/05/2020,Week 3,after,21,5,37,,131,SJ,NO,31.2
02/05/2020,Week 3,after,21,5,38,,138,SJ,NO,36.4
02/05/2020,Week 3,after,21,5,39,,128,SJ,NO,29.2
02/05/2020,Week 3,after,21,5,40,,132,SJ,NO,31.9
02/05/2020,Week 3,after,21,5,41,,142,SJ,NO,39.6
02/05/2020,Week 3,after,21,5,42,,138,SJ,NO,36.4
02/05/2020,Week 3,after,21,5,43,,145,SJ,NO,42.2
02/05/2020,Week 3,after,21,5,44,,129,SJ,NO,29.9
02/05/2020,Week 3,after,21,5,45,,137,SJ,NO,35.6
02/05/2020,Week 3,after,21,5,46,,143,SJ,NO,40.5
02/05/2020,Week 3,after,21,5,47,,119,SJ,NO,23.9
02/05/2020,Week 3,after,21,5,48,,166,MJ,NO,64.7
02/05/2020,Week 3,after,21,5,49,,143,SJ,NO,40.5
02/05/2020,Week 3,after,21,5,50,,135,SJ,NO,34.1
02/05/2020,Week 3,after,21,5,51,,138,SJ,NO,36.4
02/05/2020,Week 3,after,21,5,52,,138,SJ,NO,36.4
02/05/2020,Week 3,after,21,5,53,,123,SJ,NO,26.1
02/05/2020,Week 3,after,21,5,54,,129,SJ,NO,29.9
02/05/2020,Week 3,after,21,5,55,,119,SJ,NO,23.9
02/05/2020,Week 3,after,21,5,56,,126,SJ,NO,27.9
02/05/2020,Week 3,after,21,5,57,,127,SJ,NO,28.6
02/05/2020,Week 3,after,21,5,58,,126,SJ,NO,27.9
02/05/2020,Week 3,after,21,5,59,,116,SJ,NO,22.3
02/05/2020,Week 3,after,21,5,60,,120,SJ,NO,24.4
02/05/2020,Week 3,after,21,5,61,,130,SJ,NO,30.5
02/05/2020,Week 3,after,21,5,62,,115,SJ,NO,21.8
02/05/2020,Week 3,after,21,5,63,,116,SJ,NO,22.3
02/05/2020,Week 3,after,21,5,64,,116,SJ,NO,22.3
02/05/2020,Week 3,after,21,5,65,,120,SJ,NO,24.4
02/05/2020,Week 3,after,21,5,66,,120,SJ,NO,24.4
02/05/2020,Week 3,after,21,5,67,,112,SJ,NO,20.4
02/05/2020,Week 3,after,21,5,68,,120,SJ,NO,24.4
02/05/2020,Week 3,after,21,5,69,,122,SJ,NO,25.6
02/05/2020,Week 3,after,21,5,70,,120,SJ,NO,24.4
02/05/2020,Week 3,after,21,5,71,,110,SJ,NO,19.5
02/05/2020,Week 3,after,21,5,72,,117,SJ,NO,22.8
02/05/2020,Week 3,after,21,5,73,,115,SJ,NO,21.8
02/05/2020,Week 3,after,21,5,74,,112,SJ,NO,20.4
02/05/2020,Week 3,after,21,5,77,,178,MJ,NO,81.3
02/05/2020,Week 3,after,21,5,78,,163,MJ,NO,61
02/05/2020,Week 3,after,21,5,79,,162,MJ,NO,59.8
02/05/2020,Week 3,after,21,5,80,,170,MJ,NO,69.9
02/05/2020,Week 3,after,21,5,81,,162,MJ,NO,59.8
02/05/2020,Week 3,after,21,5,82,,154,MJ,NO,50.9
02/05/2020,Week 3,after,21,5,83,,158,MJ,NO,55.2
02/05/2020,Week 3,after,21,5,84,,133,SJ,NO,32.6
02/05/2020,Week 3,after,21,5,85,,136,SJ,NO,34.8
02/05/2020,Week 3,after,21,5,86,,134,SJ,NO,33.3
02/05/2020,Week 3,after,21,5,87,,127,SJ,NO,28.6
02/05/2020,Week 3,after,21,5,88,,125,SJ,NO,27.3
02/05/2020,Week 3,after,21,5,89,,125,SJ,NO,27.3
02/05/2020,Week 3,after,21,5,90,,120,SJ,NO,24.4
02/05/2020,Week 3,after,21,5,91,,128,SJ,NO,29.2
02/05/2020,Week 3,after,21,5,92,,127,SJ,NO,28.6
02/05/2020,Week 3,after,21,5,93,,127,SJ,NO,28.6
02/05/2020,Week 3,after,21,5,94,,120,SJ,NO,24.4
02/05/2020,Week 3,after,21,5,95,,103,SJ,NO,16.7
02/05/2020,Week 3,after,21,5,96,,140,SJ,NO,38
02/05/2020,Week 3,after,21,5,97,,145,SJ,NO,42.2
02/05/2020,Week 3,after,21,5,98,,163,MJ,NO,61
02/05/2020,Week 3,after,21,5,99,,134,SJ,NO,33.3
02/05/2020,Week 3,after,21,5,100,,154,MJ,NO,50.9
02/05/2020,Week 3,after,21,5,101,,136,SJ,NO,34.6
02/05/2020,Week 3,after,21,5,102,,189,MJ,NO,99.3
02/05/2020,Week 3,after,21,5,103,,164,MJ,NO,62.2
02/05/2020,Week 3,after,21,5,104,,175,MJ,NO,76.9
02/05/2020,Week 3,after,21,5,105,,135,SJ,NO,34.1
02/05/2020,Week 3,after,21,5,106,,127,SJ,NO,28.6
02/05/2020,Week 3,after,21,5,107,,157,MJ,NO,54.1
02/05/2020,Week 3,after,21,5,108,,167,MJ,NO,66
02/05/2020,Week 3,after,21,5,109,,142,SJ,NO,39.6
02/05/2020,Week 3,after,21,5,110,,143,SJ,NO,40.5
02/05/2020,Week 3,after,21,5,112,,135,SJ,NO,34.1
02/05/2020,Week 3,after,21,5,113,,134,SJ,NO,33.3
02/05/2020,Week 3,after,21,5,114,,135,SJ,NO,34.1
02/05/2020,Week 3,after,21,5,115,,123,SJ,NO,26.1
02/05/2020,Week 3,after,21,5,116,,128,SJ,NO,29.2
02/05/2020,Week 3,after,21,5,117,,138,SJ,NO,36.4
02/05/2020,Week 3,after,21,5,118,,126,SJ,NO,27.9
02/05/2020,Week 3,after,21,5,119,,123,SJ,NO,26.1
02/05/2020,Week 3,after,21,5,120,,131,SJ,NO,31.2
02/05/2020,Week 3,after,21,5,121,,129,SJ,NO,29.9
02/05/2020,Week 3,after,21,5,122,,139,SJ,NO,37.2
02/05/2020,Week 3,after,21,5,123,,124,SJ,NO,26.7
02/05/2020,Week 3,after,21,5,124,,123,SJ,NO,26.1
02/05/2020,Week 3,after,21,5,125,,118,SJ,NO,23.4
02/05/2020,Week 3,after,21,5,126,,124,SJ,NO,26.7
02/05/2020,Week 3,after,21,5,127,,130,SJ,NO,30.5
02/05/2020,Week 3,after,21,5,128,,112,SJ,NO,20.4
02/05/2020,Week 3,after,21,5,129,,116,SJ,NO,22.3
02/05/2020,Week 3,after,21,5,130,,128,SJ,NO,29.2
02/05/2020,Week 3,after,21,5,131,,124,SJ,NO,26.7
02/05/2020,Week 3,after,21,5,132,,129,SJ,NO,29.9
02/05/2020,Week 3,after,21,5,133,,121,SJ,NO,25
02/05/2020,Week 3,after,21,5,134,,117,SJ,NO,22.8
02/05/2020,Week 3,after,21,5,135,,125,SJ,NO,27.3
02/05/2020,Week 3,after,21,5,136,,122,SJ,NO,25.6
02/05/2020,Week 3,after,21,5,137,,117,SJ,NO,22.8
02/05/2020,Week 3,after,21,5,138,,122,SJ,NO,25.6
02/05/2020,Week 3,after,21,5,139,,129,SJ,NO,29.9
02/05/2020,Week 3,after,21,5,140,,141,SJ,NO,38.8
02/05/2020,Week 3,after,21,5,141,,138,SJ,NO,36.4
02/05/2020,Week 3,after,21,5,142,,132,SJ,NO,31.9
02/05/2020,Week 3,after,21,5,143,,127,SJ,NO,28.6
02/05/2020,Week 3,after,21,5,144,,129,SJ,NO,29.9
02/05/2020,Week 3,after,21,5,145,,131,SJ,NO,31.2
02/05/2020,Week 3,after,21,5,146,,136,SJ,NO,34.8
02/05/2020,Week 3,after,21,5,147,,130,SJ,NO,30.5
02/05/2020,Week 3,after,21,5,148,,138,SJ,NO,36.4
02/05/2020,Week 3,after,21,5,149,,142,SJ,NO,39.6
02/05/2020,Week 3,after,21,5,150,,139,SJ,NO,37.2
02/05/2020,Week 3,after,21,5,151,,135,SJ,NO,34.1
02/05/2020,Week 3,after,21,5,152,,144,SJ,NO,41.3
02/05/2020,Week 3,after,21,5,153,,148,SJ,NO,45
02/05/2020,Week 3,after,21,5,154,,156,MJ,NO,53
02/05/2020,Week 3,after,21,5,155,,151,MJ,NO,48.1
02/05/2020,Week 3,after,21,5,156,,148,SJ,NO,45
02/05/2020,Week 3,after,21,5,157,,153,MJ,NO,49.9
02/05/2020,Week 3,after,21,5,158,,144,SJ,NO,41.3
02/05/2020,Week 3,after,21,5,159,,147,SJ,NO,44
02/05/2020,Week 3,after,21,5,160,,143,SJ,NO,40.5
02/05/2020,Week 3,after,21,5,162,,171,MJ,NO,71.3
02/05/2020,Week 3,after,21,5,163,,147,SJ,NO,44
02/05/2020,Week 3,after,21,5,164,,162,MJ,NO,59.8
02/05/2020,Week 3,after,21,5,165,,143,SJ,NO,40.5
02/05/2020,Week 3,after,21,5,166,,140,SJ,NO,38
02/05/2020,Week 3,after,21,5,167,,136,SJ,NO,34.8
02/05/2020,Week 3,after,21,5,168,,126,SJ,NO,27.9
02/05/2020,Week 3,after,21,5,169,,141,SJ,NO,38.7
02/05/2020,Week 3,after,21,5,170,,139,SJ,NO,37.2
02/05/2020,Week 3,after,21,5,171,,129,SJ,NO,29.9
02/05/2020,Week 3,after,21,5,172,,130,SJ,NO,30.5
02/05/2020,Week 3,after,21,5,173,,130,SJ,NO,30.5
02/05/2020,Week 3,after,21,5,174,,138,SJ,NO,36.4
02/05/2020,Week 3,after,21,5,175,,120,SJ,NO,24.4
02/05/2020,Week 3,after,21,5,176,,130,SJ,NO,30.5
02/05/2020,Week 3,after,21,5,177,,138,SJ,NO,36.4
02/05/2020,Week 3,after,21,5,178,,129,SJ,NO,29.9
02/05/2020,Week 3,after,21,5,179,,118,SJ,NO,23.4
02/05/2020,Week 3,after,21,5,180,,128,SJ,NO,29.2
02/05/2020,Week 3,after,21,5,181,,134,SJ,NO,33.3
02/05/2020,Week 3,after,21,5,182,,130,,NO,30.5
02/05/2020,Week 3,after,21,5,186,,217,LJ,NO,158.8
02/05/2020,Week 3,after,21,5,187,,203,LJ,NO,126.4
02/05/2020,Week 3,after,21,5,188,,170,MJ,NO,69.9
02/05/2020,Week 3,after,21,5,190,,199,MJ,NO,118.2
02/05/2020,Week 3,after,21,5,191,,175,MJ,NO,76.9
02/05/2020,Week 3,after,21,5,192,,168,MJ,NO,67.3
02/05/2020,Week 3,after,21,5,195,,181,MJ,NO,86
02/05/2020,Week 3,after,21,5,196,,162,MJ,NO,59.8
02/05/2020,Week 3,after,21,5,197,,167,MJ,NO,66
09/05/2020,Week 3,after,21,8,8,,197,MJ,NO,114.2
09/05/2020,Week 3,after,21,8,9,,182,MJ,NO,87.5
09/05/2020,Week 3,after,21,8,10,,181,MJ,NO,86
09/05/2020,Week 3,after,21,8,11,,164,MJ,NO,62.2
09/05/2020,Week 3,after,21,8,12,,160,MJ,NO,57.5
09/05/2020,Week 3,after,21,8,13,,156,MJ,NO,53
09/05/2020,Week 3,after,21,8,14,,150,MJ,NO,46.9
25/04/2020,Week 3,after,21,11,30,19,190,AD,YES,101.1
25/04/2020,Week 3,after,21,11,43,15,180,AD,YES,84.4
25/04/2020,Week 3,after,21,11,3,12,172,AD,YES,72.6
25/04/2020,Week 3,after,21,11,5,12,240,AD,YES,224.9
25/04/2020,Week 3,after,21,11,7,11,150,AD,YES,46.9
25/04/2020,Week 3,after,21,11,31,6,203,AD,YES,126.4
25/04/2020,Week 3,after,21,11,42,4,195,AD,YES,110.3
25/04/2020,Week 3,after,21,11,1,,184,MJ,NO,90.8
25/04/2020,Week 3,after,21,11,2,,187,MJ,NO,95.8
25/04/2020,Week 3,after,21,11,4,,180,MJ,NO,84.4
25/04/2020,Week 3,after,21,11,6,,156,MJ,NO,53
25/04/2020,Week 3,after,21,11,8,,185,MJ,NO,92.4
25/04/2020,Week 3,after,21,11,9,,185,MJ,NO,92.4
25/04/2020,Week 3,after,21,11,10,,163,MJ,NO,61
25/04/2020,Week 3,after,21,11,11,,165,MJ,NO,63.5
25/04/2020,Week 3,after,21,11,12,,166,MJ,NO,64.7
25/04/2020,Week 3,after,21,11,13,,168,MJ,NO,67.3
25/04/2020,Week 3,after,21,11,14,,177,MJ,NO,79.8
25/04/2020,Week 3,after,21,11,15,,170,MJ,NO,69.9
25/04/2020,Week 3,after,21,11,16,,170,MJ,NO,69.9
25/04/2020,Week 3,after,21,11,17,,151,MJ,NO,47.9
25/04/2020,Week 3,after,21,11,18,,161,MJ,NO,58.6
25/04/2020,Week 3,after,21,11,19,,153,MJ,NO,49.9
25/04/2020,Week 3,after,21,11,20,,153,MJ,NO,49.9
25/04/2020,Week 3,after,21,11,21,,156,MJ,NO,53
25/04/2020,Week 3,after,21,11,22,,147,SJ,NO,44
25/04/2020,Week 3,after,21,11,23,,164,MJ,NO,62.2
25/04/2020,Week 3,after,21,11,24,,157,MJ,NO,54.1
25/04/2020,Week 3,after,21,11,25,,145,SJ,NO,42.2
25/04/2020,Week 3,after,21,11,26,,148,SJ,NO,45
25/04/2020,Week 3,after,21,11,27,,160,MJ,NO,57.5
25/04/2020,Week 3,after,21,11,28,,165,MJ,NO,63.5
25/04/2020,Week 3,after,21,11,29,,152,MJ,NO,48.9
25/04/2020,Week 3,after,21,11,32,,170,MJ,NO,69.9
25/04/2020,Week 3,after,21,11,33,,190,MJ,NO,101.1
25/04/2020,Week 3,after,21,11,34,,179,MJ,NO,82.8
25/04/2020,Week 3,after,21,11,35,,191,MJ,NO,102.9
25/04/2020,Week 3,after,21,11,36,,181,MJ,NO,86
25/04/2020,Week 3,after,21,11,37,,157,MJ,NO,54.1
25/04/2020,Week 3,after,21,11,38,,163,MJ,NO,61
25/04/2020,Week 3,after,21,11,39,,175,MJ,NO,76.9
25/04/2020,Week 3,after,21,11,40,,168,MJ,NO,67.3
25/04/2020,Week 3,after,21,11,41,,164,MJ,NO,62.2
25/04/2020,Week 3,after,21,11,44,,164,MJ,NO,62.2
25/04/2020,Week 3,after,21,11,45,,166,MJ,NO,64.7
25/04/2020,Week 3,after,21,11,46,,166,MJ,NO,64.7
25/04/2020,Week 3,after,21,11,47,,168,MJ,NO,67.3
25/04/2020,Week 3,after,21,11,48,,161,MJ,NO,58.6
25/04/2020,Week 3,after,21,11,49,,150,MJ,NO,46.9
25/04/2020,Week 3,after,21,11,50,,161,MJ,NO,58.6
25/04/2020,Week 3,after,21,11,51,,150,MJ,NO,46.9
25/04/2020,Week 3,after,21,11,52,,154,MJ,NO,50.9
25/04/2020,Week 3,after,21,11,53,,149,SJ,NO,45.9
25/04/2020,Week 3,after,21,11,54,,161,MJ,NO,58.6
25/04/2020,Week 3,after,21,11,55,,166,MJ,NO,64.7
25/04/2020,Week 3,after,21,11,56,,125,SJ,NO,27.3
25/04/2020,Week 3,after,21,11,57,,149,SJ,NO,45.9
25/04/2020,Week 3,after,21,11,58,,128,SJ,NO,29.2
25/04/2020,Week 3,after,21,11,59,,155,MJ,NO,52
25/04/2020,Week 3,after,21,11,60,,153,MJ,NO,49.9
25/04/2020,Week 3,after,21,11,61,,155,MJ,NO,52
25/04/2020,Week 3,after,21,11,62,,145,SJ,NO,42.2
25/04/2020,Week 3,after,21,11,63,,135,SJ,NO,34.1
25/04/2020,Week 3,after,21,11,64,,130,SJ,NO,30.5
25/04/2020,Week 3,after,21,11,65,,130,SJ,NO,30.5
25/04/2020,Week 3,after,21,11,66,,115,SJ,NO,21.8
25/04/2020,Week 3,after,21,11,67,,134,SJ,NO,33.3
25/04/2020,Week 3,after,21,11,68,,134,SJ,NO,33.3
25/04/2020,Week 3,after,21,11,69,,131,SJ,NO,31.2
25/04/2020,Week 3,after,21,11,70,,116,SJ,NO,22.3
25/04/2020,Week 3,after,21,11,71,,133,SJ,NO,32.6
25/04/2020,Week 3,after,21,11,72,,127,SJ,NO,28.6
25/04/2020,Week 3,after,21,11,73,,133,SJ,NO,32.6
25/04/2020,Week 3,after,21,11,74,,119,SJ,NO,23.9
25/04/2020,Week 3,after,21,11,75,,126,SJ,NO,27.9
25/04/2020,Week 3,after,21,11,76,,124,SJ,NO,26.7
25/04/2020,Week 3,after,21,11,77,,125,SJ,NO,27.3
25/04/2020,Week 3,after,21,11,78,,118,SJ,NO,23.4
25/04/2020,Week 3,after,21,11,79,,119,SJ,NO,23.9
25/04/2020,Week 3,after,21,11,80,,115,SJ,NO,21.8
09/05/2020,Week 4,after,28,6,32,9,179,AD,YES,83.6
09/05/2020,Week 4,after,28,6,31,6,174,AD,YES,75.2
09/05/2020,Week 4,after,28,6,30,1,165,SA,YES,62.9
09/05/2020,Week 4,after,28,7,4,1,175,SA,YES,76.9
09/05/2020,Week 4,after,28,6,1,,157,MJ,NO,54.3
09/05/2020,Week 4,after,28,6,2,,151,MJ,NO,47.5
09/05/2020,Week 4,after,28,6,3,,158,MJ,NO,54.8
09/05/2020,Week 4,after,28,6,4,,166,MJ,NO,64.3
09/05/2020,Week 4,after,28,6,5,,155,MJ,NO,52
09/05/2020,Week 4,after,28,6,6,,155,MJ,NO,52.1
09/05/2020,Week 4,after,28,6,7,,155,MJ,NO,51.9
09/05/2020,Week 4,after,28,6,8,,167,MJ,NO,66.3
09/05/2020,Week 4,after,28,6,9,,147,SJ,NO,44.5
09/05/2020,Week 4,after,28,6,10,,157,MJ,NO,54.1
09/05/2020,Week 4,after,28,6,11,,172,MJ,NO,72.5
09/05/2020,Week 4,after,28,6,12,,149,SJ,NO,45.5
09/05/2020,Week 4,after,28,6,13,,152,MJ,NO,49.1
09/05/2020,Week 4,after,28,6,14,,160,MJ,NO,57.7
09/05/2020,Week 4,after,28,6,15,,171,MJ,NO,71.9
09/05/2020,Week 4,after,28,6,16,,168,MJ,NO,67.1
09/05/2020,Week 4,after,28,6,17,,171,MJ,NO,70.8
09/05/2020,Week 4,after,28,6,18,,164,MJ,NO,62.8
09/05/2020,Week 4,after,28,6,19,,161,MJ,NO,58.6
09/05/2020,Week 4,after,28,6,20,,150,SJ,NO,46.7
09/05/2020,Week 4,after,28,6,21,,171,MJ,NO,71.6
09/05/2020,Week 4,after,28,6,22,,159,MJ,NO,56.4
09/05/2020,Week 4,after,28,6,23,,144,SJ,NO,41.5
09/05/2020,Week 4,after,28,6,24,,179,MJ,NO,83.3
09/05/2020,Week 4,after,28,6,25,,190,MJ,NO,101.4
09/05/2020,Week 4,after,28,6,26,,142,SJ,NO,39.5
09/05/2020,Week 4,after,28,6,27,,156,MJ,NO,52.6
09/05/2020,Week 4,after,28,6,28,,146,SJ,NO,42.7
09/05/2020,Week 4,after,28,6,29,,147,SJ,NO,44.4
09/05/2020,Week 4,after,28,7,1,,174,MJ,NO,75.5
09/05/2020,Week 4,after,28,7,2,,190,MJ,NO,101.1
09/05/2020,Week 4,after,28,7,3,,163,MJ,NO,61
09/05/2020,Week 4,after,28,7,5,,158,MJ,NO,55.2
09/05/2020,Week 4,after,28,7,6,,158,MJ,NO,55.2
09/05/2020,Week 4,after,28,7,7,,161,MJ,NO,58.6
09/05/2020,Week 4,after,28,7,8,,162,MJ,NO,59.8
09/05/2020,Week 4,after,28,7,9,,166,MJ,NO,64.7
09/05/2020,Week 4,after,28,7,10,,185,MJ,NO,92.4
09/05/2020,Week 4,after,28,7,11,,166,MJ,NO,64.7
09/05/2020,Week 4,after,28,7,12,,174,MJ,NO,75.5
09/05/2020,Week 4,after,28,7,13,,151,MJ,NO,47.9
09/05/2020,Week 4,after,28,7,14,,157,MJ,NO,54.1
09/05/2020,Week 4,after,28,7,15,,155,MJ,NO,52
09/05/2020,Week 4,after,28,7,16,,166,MJ,NO,64.7
09/05/2020,Week 4,after,28,7,17,,149,SJ,NO,45.9
09/05/2020,Week 4,after,28,7,18,,176,MJ,NO,78.3
09/05/2020,Week 4,after,28,7,19,,162,MJ,NO,59.8
09/05/2020,Week 4,after,28,7,20,,182,MJ,NO,87.5
09/05/2020,Week 4,after,28,7,21,,160,MJ,NO,57.5
09/05/2020,Week 4,after,28,7,22,,157,MJ,NO,54.1
09/05/2020,Week 4,after,28,7,23,,166,MJ,NO,64.7
09/05/2020,Week 4,after,28,7,24,,148,SJ,NO,45
09/05/2020,Week 4,after,28,7,25,,162,MJ,NO,59.8
09/05/2020,Week 4,after,28,7,26,,167,MJ,NO,66
09/05/2020,Week 4,after,28,7,27,,160,MJ,NO,57.5
09/05/2020,Week 4,after,28,7,28,,173,MJ,NO,74
09/05/2020,Week 4,after,28,7,29,,172,MJ,NO,72.6
09/05/2020,Week 4,after,28,7,30,,170,MJ,NO,69.9
09/05/2020,Week 4,after,28,7,31,,154,MJ,NO,50.9
09/05/2020,Week 4,after,28,7,32,,171,MJ,NO,71.3
09/05/2020,Week 4,after,28,7,33,,159,MJ,NO,56.3
09/05/2020,Week 4,after,28,7,34,,155,MJ,NO,52
09/05/2020,Week 4,after,28,7,35,,161,MJ,NO,58.6
09/05/2020,Week 4,after,28,7,36,,160,MJ,NO,57.5
09/05/2020,Week 4,after,28,7,37,,144,SJ,NO,41.3
09/05/2020,Week 4,after,28,7,38,,153,MJ,NO,49.9
09/05/2020,Week 4,after,28,7,39,,159,MJ,NO,56.3
23/05/2020,Week 6,after,42,24,1,,188,MJ,NO,97.5
23/05/2020,Week 6,after,42,24,2,,164,MJ,NO,62.2
23/05/2020,Week 6,after,42,24,3,,175,MJ,NO,76.9
23/05/2020,Week 6,after,42,24,4,,163,MJ,NO,61
23/05/2020,Week 6,after,42,24,5,,144,SJ,NO,41.3
23/05/2020,Week 6,after,42,24,6,,147,SJ,NO,44
23/05/2020,Week 6,after,42,24,7,,150,MJ,NO,46.9
23/05/2020,Week 6,after,42,24,8,,160,MJ,NO,57.5
23/05/2020,Week 6,after,42,24,9,,155,MJ,NO,52
23/05/2020,Week 6,after,42,24,10,,183,MJ,NO,89.2
23/05/2020,Week 6,after,42,24,11,,149,SJ,NO,45.9
23/05/2020,Week 6,after,42,24,12,,140,SJ,NO,38
23/05/2020,Week 6,after,42,24,13,,180,MJ,NO,84.4
23/05/2020,Week 6,after,42,24,14,,138,SJ,NO,36.4
23/05/2020,Week 6,after,42,24,15,,158,MJ,NO,55.2
23/05/2020,Week 6,after,42,24,16,,164,MJ,NO,61.9
23/05/2020,Week 6,after,42,24,17,,181,MJ,NO,85.5
23/05/2020,Week 6,after,42,24,18,,169,MJ,NO,68.2
23/05/2020,Week 6,after,42,24,19,,166,MJ,NO,65
23/05/2020,Week 6,after,42,24,20,,160,MJ,NO,57.5
23/05/2020,Week 6,after,42,24,21,,145,SJ,NO,42.1
23/05/2020,Week 6,after,42,24,22,,128,SJ,NO,29
23/05/2020,Week 6,after,42,24,23,,128,SJ,NO,29
23/05/2020,Week 6,after,42,24,24,,132,SJ,NO,31.8
23/05/2020,Week 6,after,42,24,25,,147,SJ,NO,44.4
23/05/2020,Week 6,after,42,24,26,,132,SJ,NO,31.8
23/05/2020,Week 6,after,42,24,27,,140,SJ,NO,37.6
23/05/2020,Week 6,after,42,24,28,,142,SJ,NO,39.6
23/05/2020,Week 6,after,42,24,29,3,188,SA,YES,97.5
23/05/2020,Week 6,after,42,24,30,5,212,AD,YES,146.6
23/05/2020,Week 6,after,42,24,31,16,179,AD,YES,82.8
23/05/2020,Week 6,after,42,24,32,4,177,AD,YES,79.8
23/05/2020,Week 6,after,42,24,33,8,183,AD,YES,89.2
23/05/2020,Week 6,after,42,24,34,9,204,AD,YES,127.5
23/05/2020,Week 6,after,42,24,35,7,196,AD,YES,111.7
23/05/2020,Week 6,after,42,24,36,16,199,AD,YES,118.4
23/05/2020,Week 6,after,42,24,37,13,205,AD,YES,130
23/05/2020,Week 6,after,42,24,38,8,198,AD,YES,116.1
23/05/2020,Week 6,after,42,24,39,5,205,AD,YES,130
23/05/2020,Week 6,after,42,24,40,,176,MJ,NO,78.2
09/06/2020,Week 7,after,49,25,1,,170,MJ,NO,69.9
09/06/2020,Week 7,after,49,25,2,,174,MJ,NO,75.5
09/06/2020,Week 7,after,49,25,3,,188,MJ,NO,97.5
09/06/2020,Week 7,after,49,25,4,,189,MJ,NO,99.3
09/06/2020,Week 7,after,49,25,5,,173,MJ,NO,74
09/06/2020,Week 7,after,49,25,6,,190,MJ,NO,101.1
09/06/2020,Week 7,after,49,25,7,,179,MJ,NO,82.8
09/06/2020,Week 7,after,49,25,8,,174,MJ,NO,75.5
09/06/2020,Week 7,after,49,25,9,,152,MJ,NO,48.9
09/06/2020,Week 7,after,49,25,10,,157,MJ,NO,54.1
09/06/2020,Week 7,after,49,25,11,,151,MJ,NO,47.9
09/06/2020,Week 7,after,49,25,12,,136,SJ,NO,34.8
09/06/2020,Week 7,after,49,25,13,,129,SJ,NO,29.9
09/06/2020,Week 7,after,49,25,14,,137,SJ,NO,35.6
09/06/2020,Week 7,after,49,25,15,,129,SJ,NO,29.9
09/06/2020,Week 7,after,49,25,16,,131,SJ,NO,31.2
09/06/2020,Week 7,after,49,25,17,,137,SJ,NO,35.6
09/06/2020,Week 7,after,49,25,18,,134,SJ,NO,33.3
09/06/2020,Week 7,after,49,25,19,,122,SJ,NO,25.6
09/06/2020,Week 7,after,49,25,20,,138,SJ,NO,36.4
09/06/2020,Week 7,after,49,25,21,,122,SJ,NO,25.6
09/06/2020,Week 7,after,49,25,22,,137,SJ,NO,35.6
09/06/2020,Week 7,after,49,25,23,,131,SJ,NO,31.2
09/06/2020,Week 7,after,49,25,24,,124,SJ,NO,26.7
09/06/2020,Week 7,after,49,25,25,,124,SJ,NO,26.7
09/06/2020,Week 7,after,49,25,26,,114,SJ,NO,21.3
09/06/2020,Week 7,after,49,25,27,,112,SJ,NO,20.4
09/06/2020,Week 7,after,49,25,28,,112,SJ,NO,20.4
09/06/2020,Week 7,after,49,25,29,,120,SJ,NO,24.4
09/06/2020,Week 7,after,49,25,30,,116,SJ,NO,22.3
09/06/2020,Week 7,after,49,25,31,,125,SJ,NO,27.3
09/06/2020,Week 7,after,49,25,32,,137,SJ,NO,35.6
09/06/2020,Week 7,after,49,25,33,,141,SJ,NO,38.7
09/06/2020,Week 7,after,49,25,34,,111,SJ,NO,20.1
09/06/2020,Week 7,after,49,25,35,,124,,,
09/06/2020,Week 7,after,49,25,36,,115,,,
09/06/2020,Week 7,after,49,25,37,,132,,,